scenario,scenario_hash,results_dir,log_dir,config_hash,duration_seconds,timestamp,error
config/scenarios/industry_js_100/tech_2022Q1_mega_ai4.yaml,f7116bbdf2847abc,N/A,N/A,43f0fb364a3f4134,0.07,2026-06-10T22:05:59.259619+00:00,Exit code 1
config/scenarios/industry_js_100/tech_2021Q4_core5.yaml,1c18fe7952138b32,N/A,N/A,43f0fb364a3f4134,0.07,2026-06-10T22:05:59.259818+00:00,Exit code 1
config/scenarios/industry_js_100/tech_2022Q2_semis_cloud4.yaml,b1fc78d89fb2520f,N/A,N/A,43f0fb364a3f4134,0.07,2026-06-10T22:05:59.259835+00:00,Exit code 1
config/scenarios/industry_js_100/tech_2023Q1_semis3.yaml,d6f2d2d6d778593a,N/A,N/A,43f0fb364a3f4134,0.05,2026-06-10T22:05:59.314126+00:00,Exit code 1
config/scenarios/industry_js_100/tech_2022Q4_platforms3.yaml,e83feb341048b97d,N/A,N/A,43f0fb364a3f4134,0.05,2026-06-10T22:05:59.314180+00:00,Exit code 1
config/scenarios/industry_js_100/tech_2022Q3_apple_semis4.yaml,4e868a5e5f2a6d58,N/A,N/A,43f0fb364a3f4134,0.06,2026-06-10T22:05:59.315691+00:00,Exit code 1
config/scenarios/industry_js_100/tech_2023Q2_balanced3.yaml,8b44df3747bebc79,N/A,N/A,43f0fb364a3f4134,0.05,2026-06-10T22:05:59.364997+00:00,Exit code 1
config/scenarios/industry_js_100/tech_2023Q3_compute3.yaml,3dac8c9de0cee6d8,N/A,N/A,43f0fb364a3f4134,0.05,2026-06-10T22:05:59.365072+00:00,Exit code 1
config/scenarios/industry_js_100/tech_2023Q4_core5.yaml,d2252a3fd54e3d33,N/A,N/A,43f0fb364a3f4134,0.05,2026-06-10T22:05:59.366673+00:00,Exit code 1
config/scenarios/industry_js_100/tech_2024Q4_semis_cloud4.yaml,187c075ed3adeb1b,N/A,N/A,43f0fb364a3f4134,0.05,2026-06-10T22:05:59.415920+00:00,Exit code 1
config/scenarios/industry_js_100/tech_2024Q1_mega_ai4.yaml,4889cad37e4f8be1,N/A,N/A,43f0fb364a3f4134,0.05,2026-06-10T22:05:59.415973+00:00,Exit code 1
config/scenarios/industry_js_100/tech_2025Q1_apple_semis4.yaml,b3d3f58c76689570,N/A,N/A,43f0fb364a3f4134,0.05,2026-06-10T22:05:59.417354+00:00,Exit code 1
config/scenarios/industry_js_100/tech_2025Q3_semis3.yaml,f0cb211d0e0b6a3c,N/A,N/A,43f0fb364a3f4134,0.05,2026-06-10T22:05:59.465834+00:00,Exit code 1
config/scenarios/industry_js_100/tech_2025Q2_platforms3.yaml,0ea1d653f263442d,N/A,N/A,43f0fb364a3f4134,0.05,2026-06-10T22:05:59.465886+00:00,Exit code 1
config/scenarios/industry_js_100/tech_2021Q4_balanced3.yaml,07f849bcbc8699b3,N/A,N/A,43f0fb364a3f4134,0.05,2026-06-10T22:05:59.467348+00:00,Exit code 1
config/scenarios/industry_js_100/tech_2022Q1_compute3.yaml,b4f1535df56eaea2,N/A,N/A,43f0fb364a3f4134,0.05,2026-06-10T22:05:59.516495+00:00,Exit code 1
config/scenarios/industry_js_100/tech_2022Q3_mega_ai4.yaml,d5b9066783376b92,N/A,N/A,43f0fb364a3f4134,0.05,2026-06-10T22:05:59.516542+00:00,Exit code 1
config/scenarios/industry_js_100/tech_2022Q2_core5.yaml,b97e879c30b6e616,N/A,N/A,43f0fb364a3f4134,0.05,2026-06-10T22:05:59.516588+00:00,Exit code 1
config/scenarios/industry_js_100/tech_2023Q1_apple_semis4.yaml,1ab8c2454a717c4f,N/A,N/A,43f0fb364a3f4134,0.05,2026-06-10T22:05:59.567714+00:00,Exit code 1
config/scenarios/industry_js_100/tech_2022Q4_semis_cloud4.yaml,20634e430ae2d402,N/A,N/A,43f0fb364a3f4134,0.05,2026-06-10T22:05:59.567772+00:00,Exit code 1
config/scenarios/industry_js_100/tech_2023Q2_platforms3.yaml,5359da39420fbd55,N/A,N/A,43f0fb364a3f4134,0.05,2026-06-10T22:05:59.569072+00:00,Exit code 1
config/scenarios/industry_js_100/tech_2023Q3_semis3.yaml,6b742e9081a448ae,N/A,N/A,43f0fb364a3f4134,0.05,2026-06-10T22:05:59.617030+00:00,Exit code 1
config/scenarios/industry_js_100/tech_2023Q4_balanced3.yaml,2ac2c511665ecc87,N/A,N/A,43f0fb364a3f4134,0.05,2026-06-10T22:05:59.617100+00:00,Exit code 1
config/scenarios/industry_js_100/tech_2024Q1_compute3.yaml,f3e9468f6a36b6fe,N/A,N/A,43f0fb364a3f4134,0.05,2026-06-10T22:05:59.617140+00:00,Exit code 1
config/scenarios/industry_js_100/tech_2024Q4_core5.yaml,e09515770e53f216,N/A,N/A,43f0fb364a3f4134,0.05,2026-06-10T22:05:59.665872+00:00,Exit code 1
config/scenarios/industry_js_100/tech_2025Q1_mega_ai4.yaml,8ec205eb075d0c69,N/A,N/A,43f0fb364a3f4134,0.05,2026-06-10T22:05:59.665925+00:00,Exit code 1
config/scenarios/industry_js_100/tech_2025Q2_semis_cloud4.yaml,19511ad334d718ac,N/A,N/A,43f0fb364a3f4134,0.05,2026-06-10T22:05:59.667343+00:00,Exit code 1
config/scenarios/industry_js_100/tech_2021Q4_platforms3.yaml,e7bea7d3b9d66299,N/A,N/A,43f0fb364a3f4134,0.05,2026-06-10T22:05:59.721774+00:00,Exit code 1
config/scenarios/industry_js_100/tech_2025Q3_apple_semis4.yaml,b87525c0efdfa014,N/A,N/A,43f0fb364a3f4134,0.06,2026-06-10T22:05:59.721818+00:00,Exit code 1
config/scenarios/industry_js_100/tech_2022Q1_semis3.yaml,565200a4e77a0c01,N/A,N/A,43f0fb364a3f4134,0.05,2026-06-10T22:05:59.723475+00:00,Exit code 1
config/scenarios/industry_js_100/tech_2022Q3_compute3.yaml,30edab16e0c04fee,N/A,N/A,43f0fb364a3f4134,0.05,2026-06-10T22:05:59.773552+00:00,Exit code 1
config/scenarios/industry_js_100/tech_2022Q2_balanced3.yaml,197230fe0b3f03ef,N/A,N/A,43f0fb364a3f4134,0.05,2026-06-10T22:05:59.774797+00:00,Exit code 1
config/scenarios/industry_js_100/tech_2022Q4_core5.yaml,00c437a005db09bb,N/A,N/A,43f0fb364a3f4134,0.05,2026-06-10T22:05:59.774903+00:00,Exit code 1
config/scenarios/industry_js_100/finance_2021Q4_core5.yaml,74586cc07075454e,N/A,N/A,43f0fb364a3f4134,0.05,2026-06-10T22:05:59.822640+00:00,Exit code 1
config/scenarios/industry_js_100/tech_2023Q1_mega_ai4.yaml,9f94c66eb00dc981,N/A,N/A,43f0fb364a3f4134,0.05,2026-06-10T22:05:59.822690+00:00,Exit code 1
config/scenarios/industry_js_100/finance_2022Q1_banks_markets4.yaml,a26eb565bbce7201,N/A,N/A,43f0fb364a3f4134,0.05,2026-06-10T22:05:59.822839+00:00,Exit code 1
config/scenarios/industry_js_100/finance_2022Q3_consumer_asset4.yaml,c90f7e2963cbf1a6,N/A,N/A,43f0fb364a3f4134,0.05,2026-06-10T22:05:59.872126+00:00,Exit code 1
config/scenarios/industry_js_100/finance_2022Q4_banks3.yaml,1b46954c967f3b22,N/A,N/A,43f0fb364a3f4134,0.05,2026-06-10T22:05:59.872175+00:00,Exit code 1
config/scenarios/industry_js_100/finance_2022Q2_asset_markets4.yaml,1b4e7d3968407126,N/A,N/A,43f0fb364a3f4134,0.05,2026-06-10T22:05:59.872213+00:00,Exit code 1
config/scenarios/industry_js_100/finance_2023Q3_ibanking3.yaml,b4db755aaddd3feb,N/A,N/A,43f0fb364a3f4134,0.05,2026-06-10T22:05:59.922509+00:00,Exit code 1
config/scenarios/industry_js_100/finance_2023Q1_markets3.yaml,888c0a75067e6ecb,N/A,N/A,43f0fb364a3f4134,0.05,2026-06-10T22:05:59.922564+00:00,Exit code 1
config/scenarios/industry_js_100/finance_2023Q2_diversified3.yaml,c67d0250ea9f291b,N/A,N/A,43f0fb364a3f4134,0.05,2026-06-10T22:05:59.922594+00:00,Exit code 1
config/scenarios/industry_js_100/finance_2024Q1_banks_markets4.yaml,9c1b0c0d945f84b2,N/A,N/A,43f0fb364a3f4134,0.05,2026-06-10T22:05:59.972003+00:00,Exit code 1
config/scenarios/industry_js_100/finance_2024Q4_asset_markets4.yaml,45923f6024b6ef1b,N/A,N/A,43f0fb364a3f4134,0.05,2026-06-10T22:05:59.972052+00:00,Exit code 1
config/scenarios/industry_js_100/finance_2023Q4_core5.yaml,de8cefd755392f85,N/A,N/A,43f0fb364a3f4134,0.05,2026-06-10T22:05:59.972096+00:00,Exit code 1
config/scenarios/industry_js_100/finance_2025Q3_markets3.yaml,6a44295a58799529,N/A,N/A,43f0fb364a3f4134,0.05,2026-06-10T22:06:00.022456+00:00,Exit code 1
config/scenarios/industry_js_100/finance_2025Q1_consumer_asset4.yaml,09af976f44cc6739,N/A,N/A,43f0fb364a3f4134,0.05,2026-06-10T22:06:00.022513+00:00,Exit code 1
config/scenarios/industry_js_100/finance_2025Q2_banks3.yaml,e07868c61f8d6313,N/A,N/A,43f0fb364a3f4134,0.05,2026-06-10T22:06:00.022539+00:00,Exit code 1
config/scenarios/industry_js_100/finance_2021Q4_diversified3.yaml,51b6274ce4a57f83,N/A,N/A,43f0fb364a3f4134,0.05,2026-06-10T22:06:00.072256+00:00,Exit code 1
config/scenarios/industry_js_100/finance_2022Q1_ibanking3.yaml,dc9ce4ed139c39dd,N/A,N/A,43f0fb364a3f4134,0.05,2026-06-10T22:06:00.072312+00:00,Exit code 1
config/scenarios/industry_js_100/finance_2022Q2_core5.yaml,663014a495f5b101,N/A,N/A,43f0fb364a3f4134,0.05,2026-06-10T22:06:00.074046+00:00,Exit code 1
config/scenarios/industry_js_100/finance_2022Q4_asset_markets4.yaml,f0641a6134d71101,N/A,N/A,43f0fb364a3f4134,0.05,2026-06-10T22:06:00.121028+00:00,Exit code 1
config/scenarios/industry_js_100/finance_2022Q3_banks_markets4.yaml,32b7cb9784071195,N/A,N/A,43f0fb364a3f4134,0.05,2026-06-10T22:06:00.121238+00:00,Exit code 1
config/scenarios/industry_js_100/finance_2023Q1_consumer_asset4.yaml,af6dd68c5b8644ca,N/A,N/A,43f0fb364a3f4134,0.05,2026-06-10T22:06:00.121309+00:00,Exit code 1
config/scenarios/industry_js_100/finance_2023Q2_banks3.yaml,4258fed3a2eb7e42,N/A,N/A,43f0fb364a3f4134,0.05,2026-06-10T22:06:00.170690+00:00,Exit code 1
config/scenarios/industry_js_100/finance_2023Q4_diversified3.yaml,cc7996f2d725364c,N/A,N/A,43f0fb364a3f4134,0.05,2026-06-10T22:06:00.171129+00:00,Exit code 1
config/scenarios/industry_js_100/finance_2023Q3_markets3.yaml,76c1f47f7175b4d6,N/A,N/A,43f0fb364a3f4134,0.05,2026-06-10T22:06:00.170737+00:00,Exit code 1
config/scenarios/industry_js_100/finance_2025Q1_banks_markets4.yaml,28e646ef272d7c5f,N/A,N/A,43f0fb364a3f4134,0.05,2026-06-10T22:06:00.219346+00:00,Exit code 1
config/scenarios/industry_js_100/finance_2024Q1_ibanking3.yaml,531be06fe824cb91,N/A,N/A,43f0fb364a3f4134,0.05,2026-06-10T22:06:00.219399+00:00,Exit code 1
config/scenarios/industry_js_100/finance_2024Q4_core5.yaml,fead296ed1552752,N/A,N/A,43f0fb364a3f4134,0.05,2026-06-10T22:06:00.219421+00:00,Exit code 1
config/scenarios/industry_js_100/finance_2025Q3_consumer_asset4.yaml,7ac3012210b5b3a8,N/A,N/A,43f0fb364a3f4134,0.05,2026-06-10T22:06:00.267712+00:00,Exit code 1
config/scenarios/industry_js_100/finance_2025Q2_asset_markets4.yaml,b51ce5196623ab29,N/A,N/A,43f0fb364a3f4134,0.05,2026-06-10T22:06:00.267770+00:00,Exit code 1
config/scenarios/industry_js_100/finance_2021Q4_banks3.yaml,429767f2028fb483,N/A,N/A,43f0fb364a3f4134,0.05,2026-06-10T22:06:00.267780+00:00,Exit code 1
config/scenarios/industry_js_100/finance_2022Q1_markets3.yaml,9a73fb3f4be40af3,N/A,N/A,43f0fb364a3f4134,0.05,2026-06-10T22:06:00.315616+00:00,Exit code 1
config/scenarios/industry_js_100/finance_2022Q2_diversified3.yaml,9c7077f23a7ffbca,N/A,N/A,43f0fb364a3f4134,0.05,2026-06-10T22:06:00.315683+00:00,Exit code 1
config/scenarios/industry_js_100/finance_2022Q3_ibanking3.yaml,da233cb1f21316a1,N/A,N/A,43f0fb364a3f4134,0.05,2026-06-10T22:06:00.315701+00:00,Exit code 1
config/scenarios/industry_js_100/finance_2022Q4_core5.yaml,4c090223a1fe801e,N/A,N/A,43f0fb364a3f4134,0.05,2026-06-10T22:06:00.363888+00:00,Exit code 1
config/scenarios/industry_js_100/energy_2021Q4_core4.yaml,5d8ad1bf40825653,N/A,N/A,43f0fb364a3f4134,0.05,2026-06-10T22:06:00.363946+00:00,Exit code 1
config/scenarios/industry_js_100/energy_2022Q1_integrated_upstream3.yaml,e9181d616345ea74,N/A,N/A,43f0fb364a3f4134,0.05,2026-06-10T22:06:00.363969+00:00,Exit code 1
config/scenarios/industry_js_100/energy_2022Q3_majors3.yaml,bfa929ab8651c2d4,N/A,N/A,43f0fb364a3f4134,0.05,2026-06-10T22:06:00.413569+00:00,Exit code 1
config/scenarios/industry_js_100/energy_2022Q4_upstream3.yaml,a9bbb1ebb97a2bff,N/A,N/A,43f0fb364a3f4134,0.05,2026-06-10T22:06:00.413747+00:00,Exit code 1
config/scenarios/industry_js_100/energy_2022Q2_oil_beta3.yaml,571923b0797179d8,N/A,N/A,43f0fb364a3f4134,0.05,2026-06-10T22:06:00.413797+00:00,Exit code 1
config/scenarios/industry_js_100/energy_2023Q2_integrated_upstream3.yaml,bb539138dc22299a,N/A,N/A,43f0fb364a3f4134,0.05,2026-06-10T22:06:00.462533+00:00,Exit code 1
config/scenarios/industry_js_100/energy_2023Q3_oil_beta3.yaml,eed73edca3081088,N/A,N/A,43f0fb364a3f4134,0.05,2026-06-10T22:06:00.462584+00:00,Exit code 1
config/scenarios/industry_js_100/energy_2023Q1_core4.yaml,b9ef67f6e05e4622,N/A,N/A,43f0fb364a3f4134,0.05,2026-06-10T22:06:00.462607+00:00,Exit code 1
config/scenarios/industry_js_100/energy_2023Q4_majors3.yaml,889974195da19f28,N/A,N/A,43f0fb364a3f4134,0.05,2026-06-10T22:06:00.511365+00:00,Exit code 1
config/scenarios/industry_js_100/energy_2024Q1_upstream3.yaml,11e802d524bb055e,N/A,N/A,43f0fb364a3f4134,0.05,2026-06-10T22:06:00.511418+00:00,Exit code 1
config/scenarios/industry_js_100/energy_2024Q4_core4.yaml,2e138f807eb6429e,N/A,N/A,43f0fb364a3f4134,0.05,2026-06-10T22:06:00.513006+00:00,Exit code 1
config/scenarios/industry_js_100/energy_2025Q1_integrated_upstream3.yaml,3d48e37cd1e2ca75,N/A,N/A,43f0fb364a3f4134,0.05,2026-06-10T22:06:00.561310+00:00,Exit code 1
config/scenarios/industry_js_100/energy_2025Q2_oil_beta3.yaml,bdb0cba9dc886355,N/A,N/A,43f0fb364a3f4134,0.05,2026-06-10T22:06:00.561365+00:00,Exit code 1
config/scenarios/industry_js_100/energy_2025Q3_majors3.yaml,409437f3752ac9e4,N/A,N/A,43f0fb364a3f4134,0.05,2026-06-10T22:06:00.561530+00:00,Exit code 1
config/scenarios/industry_js_100/energy_2022Q1_core4.yaml,5d9afc406f0bec4f,N/A,N/A,43f0fb364a3f4134,0.05,2026-06-10T22:06:00.610188+00:00,Exit code 1
config/scenarios/industry_js_100/energy_2021Q4_upstream3.yaml,0b977a28de0afef8,N/A,N/A,43f0fb364a3f4134,0.05,2026-06-10T22:06:00.610291+00:00,Exit code 1
config/scenarios/industry_js_100/energy_2022Q2_integrated_upstream3.yaml,db573e03bf92fd6c,N/A,N/A,43f0fb364a3f4134,0.05,2026-06-10T22:06:00.611577+00:00,Exit code 1
config/scenarios/industry_js_100/energy_2022Q4_majors3.yaml,466f17dd116dfccc,N/A,N/A,43f0fb364a3f4134,0.05,2026-06-10T22:06:00.660737+00:00,Exit code 1
config/scenarios/industry_js_100/energy_2022Q3_oil_beta3.yaml,0c657b7649d2b99d,N/A,N/A,43f0fb364a3f4134,0.05,2026-06-10T22:06:00.660790+00:00,Exit code 1
config/scenarios/industry_js_100/energy_2023Q1_upstream3.yaml,5f52fc55eaea3497,N/A,N/A,43f0fb364a3f4134,0.05,2026-06-10T22:06:00.660810+00:00,Exit code 1
config/scenarios/industry_js_100/energy_2023Q3_integrated_upstream3.yaml,78f59139bbc3df3c,N/A,N/A,43f0fb364a3f4134,0.07,2026-06-10T22:06:00.727357+00:00,Exit code 1
config/scenarios/industry_js_100/energy_2023Q4_oil_beta3.yaml,6a0da60b9f0cef18,N/A,N/A,43f0fb364a3f4134,0.06,2026-06-10T22:06:00.728025+00:00,Exit code 1
config/scenarios/industry_js_100/energy_2023Q2_core4.yaml,535312dbf0623132,N/A,N/A,43f0fb364a3f4134,0.07,2026-06-10T22:06:00.727518+00:00,Exit code 1
config/scenarios/industry_js_100/energy_2024Q1_majors3.yaml,ccc89c2cf175a05f,N/A,N/A,43f0fb364a3f4134,0.06,2026-06-10T22:06:00.790052+00:00,Exit code 1
config/scenarios/industry_js_100/energy_2024Q4_upstream3.yaml,83460b6dc4448d70,N/A,N/A,43f0fb364a3f4134,0.06,2026-06-10T22:06:00.790105+00:00,Exit code 1
config/scenarios/industry_js_100/energy_2025Q1_core4.yaml,eee4c64fabad538b,N/A,N/A,43f0fb364a3f4134,0.06,2026-06-10T22:06:00.792570+00:00,Exit code 1
config/scenarios/industry_js_100/energy_2025Q2_integrated_upstream3.yaml,a7b7611dac43a943,N/A,N/A,43f0fb364a3f4134,0.07,2026-06-10T22:06:00.857912+00:00,Exit code 1
config/scenarios/industry_js_100/energy_2025Q3_oil_beta3.yaml,79e2177db29eca98,N/A,N/A,43f0fb364a3f4134,0.07,2026-06-10T22:06:00.857987+00:00,Exit code 1
config/scenarios/industry_js_100/energy_2021Q4_majors3.yaml,cff5ac0c01151d4d,N/A,N/A,43f0fb364a3f4134,0.07,2026-06-10T22:06:00.860178+00:00,Exit code 1
config/scenarios/industry_js_100/energy_2022Q3_integrated_upstream3.yaml,42f7f16a4933e1f1,N/A,N/A,43f0fb364a3f4134,0.06,2026-06-10T22:06:00.917917+00:00,Exit code 1
config/scenarios/industry_js_100/energy_2022Q2_core4.yaml,16cc26abbe19c2ae,N/A,N/A,43f0fb364a3f4134,0.06,2026-06-10T22:06:00.918026+00:00,Exit code 1
config/scenarios/industry_js_100/energy_2022Q1_upstream3.yaml,83a8038263bfe6ce,N/A,N/A,43f0fb364a3f4134,0.06,2026-06-10T22:06:00.918150+00:00,Exit code 1
config/scenarios/industry_js_100/energy_2022Q4_oil_beta3.yaml,56b966b9c5287e73,N/A,N/A,43f0fb364a3f4134,0.05,2026-06-10T22:06:00.967611+00:00,Exit code 1
config/scenarios/industry_js_100/tech_2021Q4_core5.yaml,1c18fe7952138b32,results/scenario_runs/debate_1_round_no_macro_causal_out_industry_100/debate_1_round_no_macro_causal_out_industry_100,N/A,43f0fb364a3f4134,36.78,2026-06-10T22:06:50.533701+00:00,
config/scenarios/industry_js_100/tech_2022Q3_apple_semis4.yaml,4e868a5e5f2a6d58,results/scenario_runs/debate_1_round_no_macro_causal_out_industry_100/tech_2022Q3_apple_semis4/debate_1_round_no_macro_causal_out_industry_100,N/A,43f0fb364a3f4134,36.61,2026-06-10T22:07:50.564321+00:00,
config/scenarios/industry_js_100/tech_2022Q2_semis_cloud4.yaml,b1fc78d89fb2520f,results/scenario_runs/debate_1_round_no_macro_causal_out_industry_100/tech_2022Q2_semis_cloud4/debate_1_round_no_macro_causal_out_industry_100,N/A,43f0fb364a3f4134,36.61,2026-06-10T22:07:50.564774+00:00,
config/scenarios/industry_js_100/tech_2022Q1_mega_ai4.yaml,f7116bbdf2847abc,results/scenario_runs/debate_1_round_no_macro_causal_out_industry_100/tech_2022Q1_mega_ai4/debate_1_round_no_macro_causal_out_industry_100,N/A,43f0fb364a3f4134,36.61,2026-06-10T22:07:50.564979+00:00,
config/scenarios/industry_js_100/tech_2023Q1_semis3.yaml,d6f2d2d6d778593a,results/scenario_runs/debate_1_round_no_macro_causal_out_industry_100/tech_2023Q1_semis3/debate_1_round_no_macro_causal_out_industry_100,N/A,43f0fb364a3f4134,35.62,2026-06-10T22:08:26.183890+00:00,
config/scenarios/industry_js_100/tech_2023Q2_balanced3.yaml,8b44df3747bebc79,results/scenario_runs/debate_1_round_no_macro_causal_out_industry_100/tech_2023Q2_balanced3/debate_1_round_no_macro_causal_out_industry_100,N/A,43f0fb364a3f4134,35.63,2026-06-10T22:08:26.196052+00:00,
config/scenarios/industry_js_100/tech_2022Q4_platforms3.yaml,e83feb341048b97d,results/scenario_runs/debate_1_round_no_macro_causal_out_industry_100/tech_2022Q4_platforms3/debate_1_round_no_macro_causal_out_industry_100,N/A,43f0fb364a3f4134,35.73,2026-06-10T22:08:26.291755+00:00,
config/scenarios/industry_js_100/tech_2023Q3_compute3.yaml,3dac8c9de0cee6d8,results/scenario_runs/debate_1_round_no_macro_causal_out_industry_100/tech_2023Q3_compute3/debate_1_round_no_macro_causal_out_industry_100,N/A,43f0fb364a3f4134,35.53,2026-06-10T22:09:01.717487+00:00,
config/scenarios/industry_js_100/tech_2024Q1_mega_ai4.yaml,4889cad37e4f8be1,results/scenario_runs/debate_1_round_no_macro_causal_out_industry_100/tech_2024Q1_mega_ai4/debate_1_round_no_macro_causal_out_industry_100,N/A,43f0fb364a3f4134,35.68,2026-06-10T22:09:01.970825+00:00,
config/scenarios/industry_js_100/tech_2024Q4_semis_cloud4.yaml,187c075ed3adeb1b,N/A,N/A,43f0fb364a3f4134,0.54,2026-06-10T22:09:02.259467+00:00,Exit code 1
config/scenarios/industry_js_100/tech_2023Q4_core5.yaml,d2252a3fd54e3d33,results/scenario_runs/debate_1_round_no_macro_causal_out_industry_100/tech_2023Q4_core5/debate_1_round_no_macro_causal_out_industry_100,N/A,43f0fb364a3f4134,37.55,2026-06-10T22:09:03.751230+00:00,
config/scenarios/industry_js_100/tech_2025Q1_apple_semis4.yaml,b3d3f58c76689570,results/scenario_runs/debate_1_round_no_macro_causal_out_industry_100/tech_2025Q1_apple_semis4/debate_1_round_no_macro_causal_out_industry_100,N/A,43f0fb364a3f4134,35.34,2026-06-10T22:09:37.308206+00:00,
config/scenarios/industry_js_100/tech_2025Q2_platforms3.yaml,0ea1d653f263442d,results/scenario_runs/debate_1_round_no_macro_causal_out_industry_100/tech_2025Q2_platforms3/debate_1_round_no_macro_causal_out_industry_100,N/A,43f0fb364a3f4134,35.07,2026-06-10T22:09:37.326217+00:00,
config/scenarios/industry_js_100/tech_2025Q3_semis3.yaml,f0cb211d0e0b6a3c,results/scenario_runs/debate_1_round_no_macro_causal_out_industry_100/tech_2025Q3_semis3/debate_1_round_no_macro_causal_out_industry_100,N/A,43f0fb364a3f4134,34.79,2026-06-10T22:09:38.541820+00:00,
config/scenarios/industry_js_100/tech_2022Q1_compute3.yaml,b4f1535df56eaea2,results/scenario_runs/debate_1_round_no_macro_causal_out_industry_100/tech_2022Q1_compute3/debate_1_round_no_macro_causal_out_industry_100,N/A,43f0fb364a3f4134,35.43,2026-06-10T22:10:12.758918+00:00,
config/scenarios/industry_js_100/tech_2021Q4_balanced3.yaml,07f849bcbc8699b3,results/scenario_runs/debate_1_round_no_macro_causal_out_industry_100/tech_2021Q4_balanced3/debate_1_round_no_macro_causal_out_industry_100,N/A,43f0fb364a3f4134,35.68,2026-06-10T22:10:12.991877+00:00,
config/scenarios/industry_js_100/tech_2022Q2_core5.yaml,b97e879c30b6e616,results/scenario_runs/debate_1_round_no_macro_causal_out_industry_100/tech_2022Q2_core5/debate_1_round_no_macro_causal_out_industry_100,N/A,43f0fb364a3f4134,34.94,2026-06-10T22:10:13.481279+00:00,
config/scenarios/industry_js_100/tech_2022Q3_mega_ai4.yaml,d5b9066783376b92,results/scenario_runs/debate_1_round_no_macro_causal_out_industry_100/tech_2022Q3_mega_ai4/debate_1_round_no_macro_causal_out_industry_100,N/A,43f0fb364a3f4134,35.43,2026-06-10T22:10:48.191644+00:00,
config/scenarios/industry_js_100/tech_2022Q4_semis_cloud4.yaml,20634e430ae2d402,results/scenario_runs/debate_1_round_no_macro_causal_out_industry_100/tech_2022Q4_semis_cloud4/debate_1_round_no_macro_causal_out_industry_100,N/A,43f0fb364a3f4134,35.24,2026-06-10T22:10:48.230830+00:00,
config/scenarios/industry_js_100/tech_2023Q1_apple_semis4.yaml,1ab8c2454a717c4f,results/scenario_runs/debate_1_round_no_macro_causal_out_industry_100/tech_2023Q1_apple_semis4/debate_1_round_no_macro_causal_out_industry_100,N/A,43f0fb364a3f4134,35.02,2026-06-10T22:10:48.498087+00:00,
config/scenarios/industry_js_100/tech_2023Q3_semis3.yaml,6b742e9081a448ae,results/scenario_runs/debate_1_round_no_macro_causal_out_industry_100/tech_2023Q3_semis3/debate_1_round_no_macro_causal_out_industry_100,N/A,43f0fb364a3f4134,35.6,2026-06-10T22:11:23.831893+00:00,
config/scenarios/industry_js_100/tech_2023Q4_balanced3.yaml,2ac2c511665ecc87,results/scenario_runs/debate_1_round_no_macro_causal_out_industry_100/tech_2023Q4_balanced3/debate_1_round_no_macro_causal_out_industry_100,N/A,43f0fb364a3f4134,35.37,2026-06-10T22:11:23.871050+00:00,
config/scenarios/industry_js_100/tech_2023Q2_platforms3.yaml,5359da39420fbd55,results/scenario_runs/debate_1_round_no_macro_causal_out_industry_100/tech_2023Q2_platforms3/debate_1_round_no_macro_causal_out_industry_100,N/A,43f0fb364a3f4134,35.7,2026-06-10T22:11:23.891406+00:00,
config/scenarios/industry_js_100/tech_2024Q4_core5.yaml,e09515770e53f216,N/A,N/A,43f0fb364a3f4134,0.49,2026-06-10T22:11:24.361593+00:00,Exit code 1
config/scenarios/industry_js_100/tech_2024Q1_compute3.yaml,f3e9468f6a36b6fe,results/scenario_runs/debate_1_round_no_macro_causal_out_industry_100/tech_2024Q1_compute3/debate_1_round_no_macro_causal_out_industry_100,N/A,43f0fb364a3f4134,35.63,2026-06-10T22:11:59.460588+00:00,
config/scenarios/industry_js_100/tech_2025Q2_semis_cloud4.yaml,19511ad334d718ac,results/scenario_runs/debate_1_round_no_macro_causal_out_industry_100/tech_2025Q2_semis_cloud4/debate_1_round_no_macro_causal_out_industry_100,N/A,43f0fb364a3f4134,35.1,2026-06-10T22:11:59.460656+00:00,
config/scenarios/industry_js_100/tech_2025Q1_mega_ai4.yaml,8ec205eb075d0c69,results/scenario_runs/debate_1_round_no_macro_causal_out_industry_100/tech_2025Q1_mega_ai4/debate_1_round_no_macro_causal_out_industry_100,N/A,43f0fb364a3f4134,35.69,2026-06-10T22:11:59.582411+00:00,
config/scenarios/industry_js_100/tech_2021Q4_platforms3.yaml,e7bea7d3b9d66299,results/scenario_runs/debate_1_round_no_macro_causal_out_industry_100/tech_2021Q4_platforms3/debate_1_round_no_macro_causal_out_industry_100,N/A,43f0fb364a3f4134,35.8,2026-06-10T22:12:35.260506+00:00,
config/scenarios/industry_js_100/tech_2022Q1_semis3.yaml,565200a4e77a0c01,results/scenario_runs/debate_1_round_no_macro_causal_out_industry_100/tech_2022Q1_semis3/debate_1_round_no_macro_causal_out_industry_100,N/A,43f0fb364a3f4134,35.98,2026-06-10T22:12:35.565268+00:00,
config/scenarios/industry_js_100/tech_2025Q3_apple_semis4.yaml,b87525c0efdfa014,results/scenario_runs/debate_1_round_no_macro_causal_out_industry_100/tech_2025Q3_apple_semis4/debate_1_round_no_macro_causal_out_industry_100,N/A,43f0fb364a3f4134,36.16,2026-06-10T22:12:35.623643+00:00,
config/scenarios/industry_js_100/tech_2022Q2_balanced3.yaml,197230fe0b3f03ef,results/scenario_runs/debate_1_round_no_macro_causal_out_industry_100/tech_2022Q2_balanced3/debate_1_round_no_macro_causal_out_industry_100,N/A,43f0fb364a3f4134,35.51,2026-06-10T22:13:10.768822+00:00,
config/scenarios/industry_js_100/tech_2022Q3_compute3.yaml,30edab16e0c04fee,results/scenario_runs/debate_1_round_no_macro_causal_out_industry_100/tech_2022Q3_compute3/debate_1_round_no_macro_causal_out_industry_100,N/A,43f0fb364a3f4134,35.22,2026-06-10T22:13:10.784735+00:00,
config/scenarios/industry_js_100/tech_2022Q4_core5.yaml,00c437a005db09bb,results/scenario_runs/debate_1_round_no_macro_causal_out_industry_100/tech_2022Q4_core5/debate_1_round_no_macro_causal_out_industry_100,N/A,43f0fb364a3f4134,35.17,2026-06-10T22:13:10.792096+00:00,
config/scenarios/industry_js_100/tech_2023Q1_mega_ai4.yaml,9f94c66eb00dc981,results/scenario_runs/debate_1_round_no_macro_causal_out_industry_100/tech_2023Q1_mega_ai4/debate_1_round_no_macro_causal_out_industry_100,N/A,43f0fb364a3f4134,35.29,2026-06-10T22:13:46.058714+00:00,
config/scenarios/industry_js_100/finance_2022Q1_banks_markets4.yaml,a26eb565bbce7201,results/scenario_runs/debate_1_round_no_macro_causal_out_industry_100/finance_2022Q1_banks_markets4/debate_1_round_no_macro_causal_out_industry_100,N/A,43f0fb364a3f4134,35.27,2026-06-10T22:13:46.062959+00:00,
config/scenarios/industry_js_100/finance_2021Q4_core5.yaml,74586cc07075454e,results/scenario_runs/debate_1_round_no_macro_causal_out_industry_100/finance_2021Q4_core5/debate_1_round_no_macro_causal_out_industry_100,N/A,43f0fb364a3f4134,35.3,2026-06-10T22:13:46.085627+00:00,
config/scenarios/industry_js_100/finance_2022Q4_banks3.yaml,1b46954c967f3b22,results/scenario_runs/debate_1_round_no_macro_causal_out_industry_100/finance_2022Q4_banks3/debate_1_round_no_macro_causal_out_industry_100,N/A,43f0fb364a3f4134,35.73,2026-06-10T22:14:21.816523+00:00,
config/scenarios/industry_js_100/finance_2022Q2_asset_markets4.yaml,1b4e7d3968407126,results/scenario_runs/debate_1_round_no_macro_causal_out_industry_100/finance_2022Q2_asset_markets4/debate_1_round_no_macro_causal_out_industry_100,N/A,43f0fb364a3f4134,35.76,2026-06-10T22:14:21.820882+00:00,
config/scenarios/industry_js_100/finance_2022Q3_consumer_asset4.yaml,c90f7e2963cbf1a6,results/scenario_runs/debate_1_round_no_macro_causal_out_industry_100/finance_2022Q3_consumer_asset4/debate_1_round_no_macro_causal_out_industry_100,N/A,43f0fb364a3f4134,35.78,2026-06-10T22:14:21.845938+00:00,
config/scenarios/industry_js_100/finance_2023Q1_markets3.yaml,888c0a75067e6ecb,results/scenario_runs/debate_1_round_no_macro_causal_out_industry_100/finance_2023Q1_markets3/debate_1_round_no_macro_causal_out_industry_100,N/A,43f0fb364a3f4134,35.79,2026-06-10T22:14:57.603461+00:00,
config/scenarios/industry_js_100/finance_2023Q3_ibanking3.yaml,b4db755aaddd3feb,results/scenario_runs/debate_1_round_no_macro_causal_out_industry_100/finance_2023Q3_ibanking3/debate_1_round_no_macro_causal_out_industry_100,N/A,43f0fb364a3f4134,35.76,2026-06-10T22:14:57.603532+00:00,
config/scenarios/industry_js_100/finance_2023Q2_diversified3.yaml,c67d0250ea9f291b,results/scenario_runs/debate_1_round_no_macro_causal_out_industry_100/finance_2023Q2_diversified3/debate_1_round_no_macro_causal_out_industry_100,N/A,43f0fb364a3f4134,35.84,2026-06-10T22:14:57.657445+00:00,
config/scenarios/industry_js_100/finance_2024Q4_asset_markets4.yaml,45923f6024b6ef1b,N/A,N/A,43f0fb364a3f4134,0.47,2026-06-10T22:14:58.127207+00:00,Exit code 1
config/scenarios/industry_js_100/finance_2024Q1_banks_markets4.yaml,9c1b0c0d945f84b2,results/scenario_runs/debate_1_round_no_macro_causal_out_industry_100/finance_2024Q1_banks_markets4/debate_1_round_no_macro_causal_out_industry_100,N/A,43f0fb364a3f4134,35.68,2026-06-10T22:15:33.287561+00:00,
config/scenarios/industry_js_100/finance_2023Q4_core5.yaml,de8cefd755392f85,results/scenario_runs/debate_1_round_no_macro_causal_out_industry_100/finance_2023Q4_core5/debate_1_round_no_macro_causal_out_industry_100,N/A,43f0fb364a3f4134,35.68,2026-06-10T22:15:33.287643+00:00,
config/scenarios/industry_js_100/finance_2025Q1_consumer_asset4.yaml,09af976f44cc6739,results/scenario_runs/debate_1_round_no_macro_causal_out_industry_100/finance_2025Q1_consumer_asset4/debate_1_round_no_macro_causal_out_industry_100,N/A,43f0fb364a3f4134,35.74,2026-06-10T22:15:33.868176+00:00,
config/scenarios/industry_js_100/finance_2021Q4_diversified3.yaml,51b6274ce4a57f83,results/scenario_runs/debate_1_round_no_macro_causal_out_industry_100/finance_2021Q4_diversified3/debate_1_round_no_macro_causal_out_industry_100,N/A,43f0fb364a3f4134,35.1,2026-06-10T22:16:08.968767+00:00,
config/scenarios/industry_js_100/finance_2025Q2_banks3.yaml,e07868c61f8d6313,results/scenario_runs/debate_1_round_no_macro_causal_out_industry_100/finance_2025Q2_banks3/debate_1_round_no_macro_causal_out_industry_100,N/A,43f0fb364a3f4134,35.71,2026-06-10T22:16:08.997950+00:00,
config/scenarios/industry_js_100/finance_2025Q3_markets3.yaml,6a44295a58799529,results/scenario_runs/debate_1_round_no_macro_causal_out_industry_100/finance_2025Q3_markets3/debate_1_round_no_macro_causal_out_industry_100,N/A,43f0fb364a3f4134,35.76,2026-06-10T22:16:09.049802+00:00,
config/scenarios/industry_js_100/finance_2022Q2_core5.yaml,663014a495f5b101,results/scenario_runs/debate_1_round_no_macro_causal_out_industry_100/finance_2022Q2_core5/debate_1_round_no_macro_causal_out_industry_100,N/A,43f0fb364a3f4134,35.74,2026-06-10T22:16:44.743232+00:00,
config/scenarios/industry_js_100/finance_2022Q3_banks_markets4.yaml,32b7cb9784071195,results/scenario_runs/debate_1_round_no_macro_causal_out_industry_100/finance_2022Q3_banks_markets4/debate_1_round_no_macro_causal_out_industry_100,N/A,43f0fb364a3f4134,35.69,2026-06-10T22:16:44.743513+00:00,
config/scenarios/industry_js_100/finance_2022Q1_ibanking3.yaml,dc9ce4ed139c39dd,results/scenario_runs/debate_1_round_no_macro_causal_out_industry_100/finance_2022Q1_ibanking3/debate_1_round_no_macro_causal_out_industry_100,N/A,43f0fb364a3f4134,35.78,2026-06-10T22:16:44.753288+00:00,
config/scenarios/industry_js_100/finance_2023Q2_banks3.yaml,4258fed3a2eb7e42,results/scenario_runs/debate_1_round_no_macro_causal_out_industry_100/finance_2023Q2_banks3/debate_1_round_no_macro_causal_out_industry_100,N/A,43f0fb364a3f4134,35.71,2026-06-10T22:17:20.464703+00:00,
config/scenarios/industry_js_100/finance_2022Q4_asset_markets4.yaml,f0641a6134d71101,results/scenario_runs/debate_1_round_no_macro_causal_out_industry_100/finance_2022Q4_asset_markets4/debate_1_round_no_macro_causal_out_industry_100,N/A,43f0fb364a3f4134,35.72,2026-06-10T22:17:20.467801+00:00,
config/scenarios/industry_js_100/finance_2023Q1_consumer_asset4.yaml,af6dd68c5b8644ca,results/scenario_runs/debate_1_round_no_macro_causal_out_industry_100/finance_2023Q1_consumer_asset4/debate_1_round_no_macro_causal_out_industry_100,N/A,43f0fb364a3f4134,35.73,2026-06-10T22:17:20.472731+00:00,
config/scenarios/industry_js_100/finance_2023Q4_diversified3.yaml,cc7996f2d725364c,results/scenario_runs/debate_1_round_no_macro_causal_out_industry_100/finance_2023Q4_diversified3/debate_1_round_no_macro_causal_out_industry_100,N/A,43f0fb364a3f4134,35.55,2026-06-10T22:17:56.022257+00:00,
config/scenarios/industry_js_100/finance_2024Q1_ibanking3.yaml,531be06fe824cb91,results/scenario_runs/debate_1_round_no_macro_causal_out_industry_100/finance_2024Q1_ibanking3/debate_1_round_no_macro_causal_out_industry_100,N/A,43f0fb364a3f4134,35.56,2026-06-10T22:17:56.033726+00:00,
config/scenarios/industry_js_100/finance_2023Q3_markets3.yaml,76c1f47f7175b4d6,results/scenario_runs/debate_1_round_no_macro_causal_out_industry_100/finance_2023Q3_markets3/debate_1_round_no_macro_causal_out_industry_100,N/A,43f0fb364a3f4134,35.66,2026-06-10T22:17:56.121469+00:00,
config/scenarios/industry_js_100/finance_2024Q4_core5.yaml,fead296ed1552752,N/A,N/A,43f0fb364a3f4134,0.51,2026-06-10T22:17:56.531534+00:00,Exit code 1
config/scenarios/industry_js_100/finance_2025Q2_asset_markets4.yaml,b51ce5196623ab29,results/scenario_runs/debate_1_round_no_macro_causal_out_industry_100/finance_2025Q2_asset_markets4/debate_1_round_no_macro_causal_out_industry_100,N/A,43f0fb364a3f4134,35.24,2026-06-10T22:18:31.363787+00:00,
config/scenarios/industry_js_100/finance_2025Q1_banks_markets4.yaml,28e646ef272d7c5f,results/scenario_runs/debate_1_round_no_macro_causal_out_industry_100/finance_2025Q1_banks_markets4/debate_1_round_no_macro_causal_out_industry_100,N/A,43f0fb364a3f4134,35.35,2026-06-10T22:18:31.388031+00:00,
config/scenarios/industry_js_100/finance_2025Q3_consumer_asset4.yaml,7ac3012210b5b3a8,results/scenario_runs/debate_1_round_no_macro_causal_out_industry_100/finance_2025Q3_consumer_asset4/debate_1_round_no_macro_causal_out_industry_100,N/A,43f0fb364a3f4134,35.1,2026-06-10T22:18:31.627339+00:00,
config/scenarios/industry_js_100/finance_2022Q2_diversified3.yaml,9c7077f23a7ffbca,results/scenario_runs/debate_1_round_no_macro_causal_out_industry_100/finance_2022Q2_diversified3/debate_1_round_no_macro_causal_out_industry_100,N/A,43f0fb364a3f4134,35.45,2026-06-10T22:20:34.737079+00:00,
config/scenarios/industry_js_100/finance_2022Q1_markets3.yaml,9a73fb3f4be40af3,results/scenario_runs/debate_1_round_no_macro_causal_out_industry_100/finance_2022Q1_markets3/debate_1_round_no_macro_causal_out_industry_100,N/A,43f0fb364a3f4134,35.74,2026-06-10T22:20:34.779877+00:00,
config/scenarios/industry_js_100/finance_2021Q4_banks3.yaml,429767f2028fb483,results/scenario_runs/debate_1_round_no_macro_causal_out_industry_100/finance_2021Q4_banks3/debate_1_round_no_macro_causal_out_industry_100,N/A,43f0fb364a3f4134,35.86,2026-06-10T22:20:34.879584+00:00,
config/scenarios/industry_js_100/finance_2022Q3_ibanking3.yaml,da233cb1f21316a1,results/scenario_runs/debate_1_round_no_macro_causal_out_industry_100/finance_2022Q3_ibanking3/debate_1_round_no_macro_causal_out_industry_100,N/A,43f0fb364a3f4134,35.85,2026-06-10T22:21:10.583653+00:00,
config/scenarios/industry_js_100/finance_2022Q4_core5.yaml,4c090223a1fe801e,results/scenario_runs/debate_1_round_no_macro_causal_out_industry_100/finance_2022Q4_core5/debate_1_round_no_macro_causal_out_industry_100,N/A,43f0fb364a3f4134,35.82,2026-06-10T22:21:10.595182+00:00,
config/scenarios/industry_js_100/energy_2021Q4_core4.yaml,5d8ad1bf40825653,results/scenario_runs/debate_1_round_no_macro_causal_out_industry_100/energy_2021Q4_core4/debate_1_round_no_macro_causal_out_industry_100,N/A,43f0fb364a3f4134,35.85,2026-06-10T22:21:10.722838+00:00,
config/scenarios/industry_js_100/energy_2022Q2_oil_beta3.yaml,571923b0797179d8,results/scenario_runs/debate_1_round_no_macro_causal_out_industry_100/energy_2022Q2_oil_beta3/debate_1_round_no_macro_causal_out_industry_100,N/A,43f0fb364a3f4134,35.33,2026-06-10T22:21:45.928540+00:00,
config/scenarios/industry_js_100/energy_2022Q3_majors3.yaml,bfa929ab8651c2d4,results/scenario_runs/debate_1_round_no_macro_causal_out_industry_100/energy_2022Q3_majors3/debate_1_round_no_macro_causal_out_industry_100,N/A,43f0fb364a3f4134,35.25,2026-06-10T22:21:45.970300+00:00,
config/scenarios/industry_js_100/energy_2022Q1_integrated_upstream3.yaml,e9181d616345ea74,results/scenario_runs/debate_1_round_no_macro_causal_out_industry_100/energy_2022Q1_integrated_upstream3/debate_1_round_no_macro_causal_out_industry_100,N/A,43f0fb364a3f4134,35.47,2026-06-10T22:21:46.050157+00:00,
config/scenarios/industry_js_100/energy_2023Q2_integrated_upstream3.yaml,bb539138dc22299a,results/scenario_runs/debate_1_round_no_macro_causal_out_industry_100/energy_2023Q2_integrated_upstream3/debate_1_round_no_macro_causal_out_industry_100,N/A,43f0fb364a3f4134,35.08,2026-06-10T22:22:21.132652+00:00,
config/scenarios/industry_js_100/energy_2023Q1_core4.yaml,b9ef67f6e05e4622,results/scenario_runs/debate_1_round_no_macro_causal_out_industry_100/energy_2023Q1_core4/debate_1_round_no_macro_causal_out_industry_100,N/A,43f0fb364a3f4134,35.16,2026-06-10T22:22:21.132739+00:00,
config/scenarios/industry_js_100/energy_2022Q4_upstream3.yaml,a9bbb1ebb97a2bff,results/scenario_runs/debate_1_round_no_macro_causal_out_industry_100/energy_2022Q4_upstream3/debate_1_round_no_macro_causal_out_industry_100,N/A,43f0fb364a3f4134,35.22,2026-06-10T22:22:21.151674+00:00,
config/scenarios/industry_js_100/energy_2024Q1_upstream3.yaml,11e802d524bb055e,results/scenario_runs/debate_1_round_no_macro_causal_out_industry_100/energy_2024Q1_upstream3/debate_1_round_no_macro_causal_out_industry_100,N/A,43f0fb364a3f4134,35.93,2026-06-10T22:22:57.085042+00:00,
config/scenarios/industry_js_100/energy_2023Q4_majors3.yaml,889974195da19f28,results/scenario_runs/debate_1_round_no_macro_causal_out_industry_100/energy_2023Q4_majors3/debate_1_round_no_macro_causal_out_industry_100,N/A,43f0fb364a3f4134,36.03,2026-06-10T22:22:57.165823+00:00,
config/scenarios/industry_js_100/energy_2023Q3_oil_beta3.yaml,eed73edca3081088,results/scenario_runs/debate_1_round_no_macro_causal_out_industry_100/energy_2023Q3_oil_beta3/debate_1_round_no_macro_causal_out_industry_100,N/A,43f0fb364a3f4134,36.03,2026-06-10T22:22:57.165855+00:00,
config/scenarios/industry_js_100/energy_2024Q4_core4.yaml,2e138f807eb6429e,N/A,N/A,43f0fb364a3f4134,0.49,2026-06-10T22:22:57.572722+00:00,Exit code 1
config/scenarios/industry_js_100/energy_2025Q2_oil_beta3.yaml,bdb0cba9dc886355,results/scenario_runs/debate_1_round_no_macro_causal_out_industry_100/energy_2025Q2_oil_beta3/debate_1_round_no_macro_causal_out_industry_100,N/A,43f0fb364a3f4134,37.63,2026-06-10T22:34:49.157878+00:00,
config/scenarios/industry_js_100/energy_2025Q3_majors3.yaml,409437f3752ac9e4,results/scenario_runs/debate_1_round_no_macro_causal_out_industry_100/energy_2025Q3_majors3/debate_1_round_no_macro_causal_out_industry_100,N/A,43f0fb364a3f4134,37.26,2026-06-10T22:34:49.187746+00:00,
config/scenarios/industry_js_100/energy_2025Q1_integrated_upstream3.yaml,3d48e37cd1e2ca75,results/scenario_runs/debate_1_round_no_macro_causal_out_industry_100/energy_2025Q1_integrated_upstream3/debate_1_round_no_macro_causal_out_industry_100,N/A,43f0fb364a3f4134,37.74,2026-06-10T22:34:49.259449+00:00,
config/scenarios/industry_js_100/energy_2022Q1_core4.yaml,5d9afc406f0bec4f,results/scenario_runs/debate_1_round_no_macro_causal_out_industry_100/energy_2022Q1_core4/debate_1_round_no_macro_causal_out_industry_100,N/A,43f0fb364a3f4134,36.25,2026-06-10T22:38:41.811325+00:00,
config/scenarios/industry_js_100/energy_2022Q2_integrated_upstream3.yaml,db573e03bf92fd6c,results/scenario_runs/debate_1_round_no_macro_causal_out_industry_100/energy_2022Q2_integrated_upstream3/debate_1_round_no_macro_causal_out_industry_100,N/A,43f0fb364a3f4134,36.26,2026-06-10T22:38:41.935040+00:00,
config/scenarios/industry_js_100/energy_2021Q4_upstream3.yaml,0b977a28de0afef8,results/scenario_runs/debate_1_round_no_macro_causal_out_industry_100/energy_2021Q4_upstream3/debate_1_round_no_macro_causal_out_industry_100,N/A,43f0fb364a3f4134,36.44,2026-06-10T22:38:41.967873+00:00,
config/scenarios/industry_js_100/energy_2022Q4_majors3.yaml,466f17dd116dfccc,results/scenario_runs/debate_1_round_no_macro_causal_out_industry_100/energy_2022Q4_majors3/debate_1_round_no_macro_causal_out_industry_100,N/A,43f0fb364a3f4134,36.83,2026-06-10T22:39:18.762094+00:00,
config/scenarios/industry_js_100/energy_2023Q1_upstream3.yaml,5f52fc55eaea3497,results/scenario_runs/debate_1_round_no_macro_causal_out_industry_100/energy_2023Q1_upstream3/debate_1_round_no_macro_causal_out_industry_100,N/A,43f0fb364a3f4134,36.79,2026-06-10T22:39:18.762160+00:00,
config/scenarios/industry_js_100/energy_2022Q3_oil_beta3.yaml,0c657b7649d2b99d,results/scenario_runs/debate_1_round_no_macro_causal_out_industry_100/energy_2022Q3_oil_beta3/debate_1_round_no_macro_causal_out_industry_100,N/A,43f0fb364a3f4134,37.15,2026-06-10T22:39:18.959961+00:00,
config/scenarios/industry_js_100/energy_2023Q2_core4.yaml,535312dbf0623132,results/scenario_runs/debate_1_round_no_macro_causal_out_industry_100/energy_2023Q2_core4/debate_1_round_no_macro_causal_out_industry_100,N/A,43f0fb364a3f4134,42.05,2026-06-10T22:41:27.202684+00:00,
config/scenarios/industry_js_100/energy_2024Q1_majors3.yaml,ccc89c2cf175a05f,results/scenario_runs/debate_1_round_no_macro_causal_out_industry_100/energy_2024Q1_majors3/debate_1_round_no_macro_causal_out_industry_100,N/A,43f0fb364a3f4134,35.09,2026-06-10T23:17:07.869604+00:00,
config/scenarios/industry_js_100/energy_2024Q4_upstream3.yaml,83460b6dc4448d70,N/A,N/A,43f0fb364a3f4134,0.45,2026-06-10T23:17:08.319432+00:00,Exit code 1
config/scenarios/industry_js_100/energy_2023Q3_integrated_upstream3.yaml,78f59139bbc3df3c,results/scenario_runs/debate_1_round_no_macro_causal_out_industry_100/energy_2023Q3_integrated_upstream3/debate_1_round_no_macro_causal_out_industry_100,N/A,43f0fb364a3f4134,88.14,2026-06-10T23:49:39.183046+00:00,
config/scenarios/industry_js_100/energy_2023Q4_oil_beta3.yaml,6a0da60b9f0cef18,results/scenario_runs/debate_1_round_no_macro_causal_out_industry_100/energy_2023Q4_oil_beta3/debate_1_round_no_macro_causal_out_industry_100,N/A,43f0fb364a3f4134,88.09,2026-06-10T23:49:39.334246+00:00,
config/scenarios/industry_js_100/energy_2025Q1_core4.yaml,eee4c64fabad538b,results/scenario_runs/debate_1_round_no_macro_causal_out_industry_100/energy_2025Q1_core4/debate_1_round_no_macro_causal_out_industry_100,N/A,43f0fb364a3f4134,35.15,2026-06-11T00:37:29.745360+00:00,
config/scenarios/industry_js_100/energy_2025Q2_integrated_upstream3.yaml,a7b7611dac43a943,results/scenario_runs/debate_1_round_no_macro_causal_out_industry_100/energy_2025Q2_integrated_upstream3/debate_1_round_no_macro_causal_out_industry_100,N/A,43f0fb364a3f4134,35.24,2026-06-11T01:10:23.736446+00:00,
config/scenarios/industry_js_100/energy_2025Q3_oil_beta3.yaml,79e2177db29eca98,results/scenario_runs/debate_1_round_no_macro_causal_out_industry_100/energy_2025Q3_oil_beta3/debate_1_round_no_macro_causal_out_industry_100,N/A,43f0fb364a3f4134,35.09,2026-06-11T01:10:23.736547+00:00,
config/scenarios/industry_js_100/energy_2021Q4_majors3.yaml,cff5ac0c01151d4d,results/scenario_runs/debate_1_round_no_macro_causal_out_industry_100/energy_2021Q4_majors3/debate_1_round_no_macro_causal_out_industry_100,N/A,43f0fb364a3f4134,34.85,2026-06-11T02:11:49.668668+00:00,
config/scenarios/industry_js_100/energy_2022Q2_core4.yaml,16cc26abbe19c2ae,results/scenario_runs/debate_1_round_no_macro_causal_out_industry_100/energy_2022Q2_core4/debate_1_round_no_macro_causal_out_industry_100,N/A,43f0fb364a3f4134,34.68,2026-06-11T02:39:26.556749+00:00,
config/scenarios/industry_js_100/energy_2022Q1_upstream3.yaml,83a8038263bfe6ce,results/scenario_runs/debate_1_round_no_macro_causal_out_industry_100/energy_2022Q1_upstream3/debate_1_round_no_macro_causal_out_industry_100,N/A,43f0fb364a3f4134,34.69,2026-06-11T02:39:26.570104+00:00,
config/scenarios/industry_js_100/energy_2022Q3_integrated_upstream3.yaml,42f7f16a4933e1f1,results/scenario_runs/debate_1_round_no_macro_causal_out_industry_100/energy_2022Q3_integrated_upstream3/debate_1_round_no_macro_causal_out_industry_100,N/A,43f0fb364a3f4134,34.5,2026-06-11T03:25:38.522343+00:00,
config/scenarios/industry_js_100/energy_2022Q4_oil_beta3.yaml,56b966b9c5287e73,results/scenario_runs/debate_1_round_no_macro_causal_out_industry_100/energy_2022Q4_oil_beta3/debate_1_round_no_macro_causal_out_industry_100,N/A,43f0fb364a3f4134,34.78,2026-06-11T03:39:07.032999+00:00,
config/scenarios/industry_js_100/tech_2021Q4_alt_aapl_amd_msft.yaml,b2992ca849ce6378,results/scenario_runs/debate_1_round_no_macro_causal_out_industry_100/tech_2021Q4_alt_aapl_amd_msft/debate_1_round_no_macro_causal_out_industry_100,N/A,43f0fb364a3f4134,36.77,2026-06-11T05:36:05.679627+00:00,
config/scenarios/industry_js_100/tech_2021Q4_alt_aapl_amd_avgo.yaml,e726fd39000c98f9,results/scenario_runs/debate_1_round_no_macro_causal_out_industry_100/tech_2021Q4_alt_aapl_amd_avgo/debate_1_round_no_macro_causal_out_industry_100,N/A,43f0fb364a3f4134,36.97,2026-06-11T05:36:05.877716+00:00,
config/scenarios/industry_js_100/finance_2021Q4_alt_bac_blk_gs.yaml,782ffc42d05b1ab1,results/scenario_runs/debate_1_round_no_macro_causal_out_industry_100/finance_2021Q4_alt_bac_blk_gs/debate_1_round_no_macro_causal_out_industry_100,N/A,43f0fb364a3f4134,37.52,2026-06-11T05:36:06.433967+00:00,
config/scenarios/industry_js_100/finance_2021Q4_alt_bac_blk_ms.yaml,7be6f9d9cacf5c7a,results/scenario_runs/debate_1_round_no_macro_causal_out_industry_100/finance_2021Q4_alt_bac_blk_ms/debate_1_round_no_macro_causal_out_industry_100,N/A,43f0fb364a3f4134,35.6,2026-06-11T05:36:41.278990+00:00,
config/scenarios/industry_js_100/energy_2021Q4_alt_cop_cvx_xom.yaml,619653632624c19f,results/scenario_runs/debate_1_round_no_macro_causal_out_industry_100/energy_2021Q4_alt_cop_cvx_xom/debate_1_round_no_macro_causal_out_industry_100,N/A,43f0fb364a3f4134,35.48,2026-06-11T05:36:41.357164+00:00,
config/scenarios/industry_js_100/energy_2021Q4_alt_cop_oxy_xom.yaml,de50a469234c091c,results/scenario_runs/debate_1_round_no_macro_causal_out_industry_100/energy_2021Q4_alt_cop_oxy_xom/debate_1_round_no_macro_causal_out_industry_100,N/A,43f0fb364a3f4134,35.02,2026-06-11T05:36:41.458317+00:00,
config/scenarios/industry_js_100/tech_2021Q4_core5.yaml,1c18fe7952138b32,results/scenario_runs/debate_1_round_no_macro_causal_out_industry_100/debate_1_round_no_macro_causal_out_industry_100_001,logging/runs/default/run_2026-06-11_00-09-33,43f0fb364a3f4134,203.97,2026-06-11T07:12:55.336166+00:00,
config/scenarios/industry_js_100/tech_2022Q2_semis_cloud4.yaml,b1fc78d89fb2520f,results/scenario_runs/debate_1_round_no_macro_causal_out_industry_100/tech_2022Q2_semis_cloud4/debate_1_round_no_macro_causal_out_industry_100_001,logging/runs/default/run_2026-06-11_00-33-21_002,43f0fb364a3f4134,201.64,2026-06-11T07:36:40.802965+00:00,
config/scenarios/industry_js_100/tech_2022Q3_apple_semis4.yaml,4e868a5e5f2a6d58,results/scenario_runs/debate_1_round_no_macro_causal_out_industry_100/tech_2022Q3_apple_semis4/debate_1_round_no_macro_causal_out_industry_100_001,logging/runs/default/run_2026-06-11_00-33-21,43f0fb364a3f4134,204.3,2026-06-11T07:36:43.466196+00:00,
config/scenarios/industry_js_100/tech_2022Q1_mega_ai4.yaml,f7116bbdf2847abc,results/scenario_runs/debate_1_round_no_macro_causal_out_industry_100/tech_2022Q1_mega_ai4/debate_1_round_no_macro_causal_out_industry_100_001,logging/runs/default/run_2026-06-11_00-33-21_001,43f0fb364a3f4134,215.42,2026-06-11T07:36:54.581728+00:00,
config/scenarios/industry_js_100/tech_2023Q1_semis3.yaml,d6f2d2d6d778593a,results/scenario_runs/debate_1_round_no_macro_causal_out_industry_100/tech_2023Q1_semis3/debate_1_round_no_macro_causal_out_industry_100_001,logging/runs/default/run_2026-06-11_00-36-44,43f0fb364a3f4134,198.77,2026-06-11T07:40:02.233280+00:00,
config/scenarios/industry_js_100/tech_2022Q4_platforms3.yaml,e83feb341048b97d,results/scenario_runs/debate_1_round_no_macro_causal_out_industry_100/tech_2022Q4_platforms3/debate_1_round_no_macro_causal_out_industry_100_001,logging/runs/default/run_2026-06-11_00-36-42,43f0fb364a3f4134,216.35,2026-06-11T07:40:17.155446+00:00,
config/scenarios/industry_js_100/tech_2023Q2_balanced3.yaml,8b44df3747bebc79,results/scenario_runs/debate_1_round_no_macro_causal_out_industry_100/tech_2023Q2_balanced3/debate_1_round_no_macro_causal_out_industry_100_001,logging/runs/default/run_2026-06-11_00-36-56,43f0fb364a3f4134,215.82,2026-06-11T07:40:30.405093+00:00,
config/scenarios/industry_js_100/tech_2023Q3_compute3.yaml,3dac8c9de0cee6d8,results/scenario_runs/debate_1_round_no_macro_causal_out_industry_100/tech_2023Q3_compute3/debate_1_round_no_macro_causal_out_industry_100_001,logging/runs/default/run_2026-06-11_00-40-03,43f0fb364a3f4134,224.07,2026-06-11T07:43:46.306615+00:00,
config/scenarios/industry_js_100/tech_2023Q4_core5.yaml,d2252a3fd54e3d33,results/scenario_runs/debate_1_round_no_macro_causal_out_industry_100/tech_2023Q4_core5/debate_1_round_no_macro_causal_out_industry_100_001,logging/runs/default/run_2026-06-11_00-40-18,43f0fb364a3f4134,221.27,2026-06-11T07:43:58.423335+00:00,
config/scenarios/industry_js_100/tech_2024Q1_mega_ai4.yaml,4889cad37e4f8be1,results/scenario_runs/debate_1_round_no_macro_causal_out_industry_100/tech_2024Q1_mega_ai4/debate_1_round_no_macro_causal_out_industry_100_001,logging/runs/default/run_2026-06-11_00-40-31,43f0fb364a3f4134,208.25,2026-06-11T07:43:58.655477+00:00,
config/scenarios/industry_js_100/tech_2025Q2_platforms3.yaml,0ea1d653f263442d,results/scenario_runs/debate_1_round_no_macro_causal_out_industry_100/tech_2025Q2_platforms3/debate_1_round_no_macro_causal_out_industry_100_001,logging/runs/default/run_2026-06-11_00-43-59,43f0fb364a3f4134,202.65,2026-06-11T07:47:21.069864+00:00,
config/scenarios/industry_js_100/tech_2025Q1_apple_semis4.yaml,b3d3f58c76689570,results/scenario_runs/debate_1_round_no_macro_causal_out_industry_100/tech_2025Q1_apple_semis4/debate_1_round_no_macro_causal_out_industry_100_001,logging/runs/default/run_2026-06-11_00-43-48,43f0fb364a3f4134,233.15,2026-06-11T07:47:39.454810+00:00,
config/scenarios/industry_js_100/tech_2025Q3_semis3.yaml,f0cb211d0e0b6a3c,results/scenario_runs/debate_1_round_no_macro_causal_out_industry_100/tech_2025Q3_semis3/debate_1_round_no_macro_causal_out_industry_100_001,logging/runs/default/run_2026-06-11_00-43-59_001,43f0fb364a3f4134,227.55,2026-06-11T07:47:46.208824+00:00,
config/scenarios/industry_js_100/tech_2022Q1_compute3.yaml,b4f1535df56eaea2,results/scenario_runs/debate_1_round_no_macro_causal_out_industry_100/tech_2022Q1_compute3/debate_1_round_no_macro_causal_out_industry_100_001,logging/runs/default/run_2026-06-11_00-47-41,43f0fb364a3f4134,190.34,2026-06-11T07:50:49.797413+00:00,
config/scenarios/industry_js_100/tech_2021Q4_balanced3.yaml,07f849bcbc8699b3,results/scenario_runs/debate_1_round_no_macro_causal_out_industry_100/tech_2021Q4_balanced3/debate_1_round_no_macro_causal_out_industry_100_001,logging/runs/default/run_2026-06-11_00-47-22,43f0fb364a3f4134,210.56,2026-06-11T07:50:51.628451+00:00,
config/scenarios/industry_js_100/tech_2022Q2_core5.yaml,b97e879c30b6e616,results/scenario_runs/debate_1_round_no_macro_causal_out_industry_100/tech_2022Q2_core5/debate_1_round_no_macro_causal_out_industry_100_001,logging/runs/default/run_2026-06-11_00-47-47,43f0fb364a3f4134,239.08,2026-06-11T07:51:45.288045+00:00,
config/scenarios/industry_js_100/tech_2022Q3_mega_ai4.yaml,d5b9066783376b92,results/scenario_runs/debate_1_round_no_macro_causal_out_industry_100/tech_2022Q3_mega_ai4/debate_1_round_no_macro_causal_out_industry_100_001,logging/runs/default/run_2026-06-11_00-50-51,43f0fb364a3f4134,191.43,2026-06-11T07:54:01.226877+00:00,
config/scenarios/industry_js_100/tech_2022Q4_semis_cloud4.yaml,20634e430ae2d402,results/scenario_runs/debate_1_round_no_macro_causal_out_industry_100/tech_2022Q4_semis_cloud4/debate_1_round_no_macro_causal_out_industry_100_001,logging/runs/default/run_2026-06-11_00-50-52,43f0fb364a3f4134,197.68,2026-06-11T07:54:09.311162+00:00,
config/scenarios/industry_js_100/tech_2023Q1_apple_semis4.yaml,1ab8c2454a717c4f,results/scenario_runs/debate_1_round_no_macro_causal_out_industry_100/tech_2023Q1_apple_semis4/debate_1_round_no_macro_causal_out_industry_100_001,logging/runs/default/run_2026-06-11_00-51-47,43f0fb364a3f4134,236.5,2026-06-11T07:55:41.786498+00:00,
config/scenarios/industry_js_100/tech_2023Q3_semis3.yaml,6b742e9081a448ae,results/scenario_runs/debate_1_round_no_macro_causal_out_industry_100/tech_2023Q3_semis3/debate_1_round_no_macro_causal_out_industry_100_001,logging/runs/default/run_2026-06-11_00-54-10,43f0fb364a3f4134,194.71,2026-06-11T07:57:24.020972+00:00,
config/scenarios/industry_js_100/tech_2023Q2_platforms3.yaml,5359da39420fbd55,results/scenario_runs/debate_1_round_no_macro_causal_out_industry_100/tech_2023Q2_platforms3/debate_1_round_no_macro_causal_out_industry_100_001,logging/runs/default/run_2026-06-11_00-54-02,43f0fb364a3f4134,218.74,2026-06-11T07:57:39.965481+00:00,
config/scenarios/industry_js_100/tech_2023Q4_balanced3.yaml,2ac2c511665ecc87,results/scenario_runs/debate_1_round_no_macro_causal_out_industry_100/tech_2023Q4_balanced3/debate_1_round_no_macro_causal_out_industry_100_001,logging/runs/default/run_2026-06-11_00-55-43,43f0fb364a3f4134,210.12,2026-06-11T07:59:11.905328+00:00,
config/scenarios/industry_js_100/tech_2024Q1_compute3.yaml,f3e9468f6a36b6fe,results/scenario_runs/debate_1_round_no_macro_causal_out_industry_100/tech_2024Q1_compute3/debate_1_round_no_macro_causal_out_industry_100_001,logging/runs/default/run_2026-06-11_00-57-25,43f0fb364a3f4134,193.11,2026-06-11T08:00:37.133617+00:00,
config/scenarios/industry_js_100/tech_2025Q1_mega_ai4.yaml,8ec205eb075d0c69,results/scenario_runs/debate_1_round_no_macro_causal_out_industry_100/tech_2025Q1_mega_ai4/debate_1_round_no_macro_causal_out_industry_100_001,logging/runs/default/run_2026-06-11_00-57-41,43f0fb364a3f4134,220.25,2026-06-11T08:01:20.213736+00:00,
config/scenarios/industry_js_100/tech_2025Q2_semis_cloud4.yaml,19511ad334d718ac,results/scenario_runs/debate_1_round_no_macro_causal_out_industry_100/tech_2025Q2_semis_cloud4/debate_1_round_no_macro_causal_out_industry_100_001,logging/runs/default/run_2026-06-11_00-59-13,43f0fb364a3f4134,248.67,2026-06-11T08:03:20.575555+00:00,
config/scenarios/industry_js_100/tech_2021Q4_platforms3.yaml,e7bea7d3b9d66299,results/scenario_runs/debate_1_round_no_macro_causal_out_industry_100/tech_2021Q4_platforms3/debate_1_round_no_macro_causal_out_industry_100_001,logging/runs/default/run_2026-06-11_01-01-21,43f0fb364a3f4134,215.62,2026-06-11T08:04:55.829877+00:00,
config/scenarios/industry_js_100/tech_2025Q3_apple_semis4.yaml,b87525c0efdfa014,results/scenario_runs/debate_1_round_no_macro_causal_out_industry_100/tech_2025Q3_apple_semis4/debate_1_round_no_macro_causal_out_industry_100_001,logging/runs/default/run_2026-06-11_01-00-38,43f0fb364a3f4134,273.95,2026-06-11T08:05:11.085529+00:00,
config/scenarios/industry_js_100/tech_2022Q1_semis3.yaml,565200a4e77a0c01,results/scenario_runs/debate_1_round_no_macro_causal_out_industry_100/tech_2022Q1_semis3/debate_1_round_no_macro_causal_out_industry_100_001,logging/runs/default/run_2026-06-11_01-03-22,43f0fb364a3f4134,235.28,2026-06-11T08:07:15.839004+00:00,
config/scenarios/industry_js_100/tech_2022Q2_balanced3.yaml,197230fe0b3f03ef,results/scenario_runs/debate_1_round_no_macro_causal_out_industry_100/tech_2022Q2_balanced3/debate_1_round_no_macro_causal_out_industry_100_001,logging/runs/default/run_2026-06-11_01-04-57,43f0fb364a3f4134,200.49,2026-06-11T08:08:16.302876+00:00,
config/scenarios/industry_js_100/tech_2022Q3_compute3.yaml,30edab16e0c04fee,results/scenario_runs/debate_1_round_no_macro_causal_out_industry_100/tech_2022Q3_compute3/debate_1_round_no_macro_causal_out_industry_100_001,logging/runs/default/run_2026-06-11_01-05-12,43f0fb364a3f4134,219.75,2026-06-11T08:08:50.814747+00:00,
config/scenarios/industry_js_100/tech_2022Q4_core5.yaml,00c437a005db09bb,results/scenario_runs/debate_1_round_no_macro_causal_out_industry_100/tech_2022Q4_core5/debate_1_round_no_macro_causal_out_industry_100_001,logging/runs/default/run_2026-06-11_01-07-17,43f0fb364a3f4134,251.43,2026-06-11T08:11:27.268372+00:00,
config/scenarios/industry_js_100/tech_2023Q1_mega_ai4.yaml,9f94c66eb00dc981,results/scenario_runs/debate_1_round_no_macro_causal_out_industry_100/tech_2023Q1_mega_ai4/debate_1_round_no_macro_causal_out_industry_100_001,logging/runs/default/run_2026-06-11_01-08-18,43f0fb364a3f4134,208.91,2026-06-11T08:11:45.215427+00:00,
config/scenarios/industry_js_100/finance_2021Q4_core5.yaml,74586cc07075454e,results/scenario_runs/debate_1_round_no_macro_causal_out_industry_100/finance_2021Q4_core5/debate_1_round_no_macro_causal_out_industry_100_001,logging/runs/default/run_2026-06-11_01-08-52,43f0fb364a3f4134,224.18,2026-06-11T08:12:34.993608+00:00,
config/scenarios/industry_js_100/finance_2022Q1_banks_markets4.yaml,a26eb565bbce7201,results/scenario_runs/debate_1_round_no_macro_causal_out_industry_100/finance_2022Q1_banks_markets4/debate_1_round_no_macro_causal_out_industry_100_001,logging/runs/default/run_2026-06-11_01-11-29,43f0fb364a3f4134,221.39,2026-06-11T08:15:08.661400+00:00,
config/scenarios/industry_js_100/finance_2022Q2_asset_markets4.yaml,1b4e7d3968407126,results/scenario_runs/debate_1_round_no_macro_causal_out_industry_100/finance_2022Q2_asset_markets4/debate_1_round_no_macro_causal_out_industry_100_001,logging/runs/default/run_2026-06-11_01-11-46,43f0fb364a3f4134,256.7,2026-06-11T08:16:01.911743+00:00,
config/scenarios/industry_js_100/finance_2022Q3_consumer_asset4.yaml,c90f7e2963cbf1a6,results/scenario_runs/debate_1_round_no_macro_causal_out_industry_100/finance_2022Q3_consumer_asset4/debate_1_round_no_macro_causal_out_industry_100_001,logging/runs/default/run_2026-06-11_01-12-36,43f0fb364a3f4134,253.46,2026-06-11T08:16:48.452912+00:00,
config/scenarios/industry_js_100/finance_2022Q4_banks3.yaml,1b46954c967f3b22,results/scenario_runs/debate_1_round_no_macro_causal_out_industry_100/finance_2022Q4_banks3/debate_1_round_no_macro_causal_out_industry_100_001,logging/runs/default/run_2026-06-11_01-15-10,43f0fb364a3f4134,208.79,2026-06-11T08:18:37.450557+00:00,
config/scenarios/industry_js_100/finance_2023Q1_markets3.yaml,888c0a75067e6ecb,results/scenario_runs/debate_1_round_no_macro_causal_out_industry_100/finance_2023Q1_markets3/debate_1_round_no_macro_causal_out_industry_100_001,logging/runs/default/run_2026-06-11_01-16-03,43f0fb364a3f4134,223.34,2026-06-11T08:19:45.251343+00:00,
config/scenarios/industry_js_100/finance_2023Q2_diversified3.yaml,c67d0250ea9f291b,results/scenario_runs/debate_1_round_no_macro_causal_out_industry_100/finance_2023Q2_diversified3/debate_1_round_no_macro_causal_out_industry_100_001,logging/runs/default/run_2026-06-11_01-16-50,43f0fb364a3f4134,225.43,2026-06-11T08:20:33.882278+00:00,
config/scenarios/industry_js_100/finance_2023Q3_ibanking3.yaml,b4db755aaddd3feb,results/scenario_runs/debate_1_round_no_macro_causal_out_industry_100/finance_2023Q3_ibanking3/debate_1_round_no_macro_causal_out_industry_100_001,logging/runs/default/run_2026-06-11_01-18-39,43f0fb364a3f4134,194.64,2026-06-11T08:21:52.092248+00:00,
config/scenarios/industry_js_100/finance_2023Q4_core5.yaml,de8cefd755392f85,results/scenario_runs/debate_1_round_no_macro_causal_out_industry_100/finance_2023Q4_core5/debate_1_round_no_macro_causal_out_industry_100_001,logging/runs/default/run_2026-06-11_01-19-46,43f0fb364a3f4134,239.03,2026-06-11T08:23:44.282716+00:00,
config/scenarios/industry_js_100/finance_2024Q1_banks_markets4.yaml,9c1b0c0d945f84b2,results/scenario_runs/debate_1_round_no_macro_causal_out_industry_100/finance_2024Q1_banks_markets4/debate_1_round_no_macro_causal_out_industry_100_001,logging/runs/default/run_2026-06-11_01-20-35,43f0fb364a3f4134,219.08,2026-06-11T08:24:12.961522+00:00,
config/scenarios/industry_js_100/finance_2025Q1_consumer_asset4.yaml,09af976f44cc6739,results/scenario_runs/debate_1_round_no_macro_causal_out_industry_100/finance_2025Q1_consumer_asset4/debate_1_round_no_macro_causal_out_industry_100_001,logging/runs/default/run_2026-06-11_01-21-53,43f0fb364a3f4134,225.75,2026-06-11T08:25:37.843476+00:00,
config/scenarios/industry_js_100/finance_2025Q2_banks3.yaml,e07868c61f8d6313,results/scenario_runs/debate_1_round_no_macro_causal_out_industry_100/finance_2025Q2_banks3/debate_1_round_no_macro_causal_out_industry_100_001,logging/runs/default/run_2026-06-11_01-23-45,43f0fb364a3f4134,194.6,2026-06-11T08:26:58.882935+00:00,
config/scenarios/industry_js_100/finance_2025Q3_markets3.yaml,6a44295a58799529,results/scenario_runs/debate_1_round_no_macro_causal_out_industry_100/finance_2025Q3_markets3/debate_1_round_no_macro_causal_out_industry_100_001,logging/runs/default/run_2026-06-11_01-24-14,43f0fb364a3f4134,210.08,2026-06-11T08:27:43.042012+00:00,
config/scenarios/industry_js_100/finance_2021Q4_diversified3.yaml,51b6274ce4a57f83,results/scenario_runs/debate_1_round_no_macro_causal_out_industry_100/finance_2021Q4_diversified3/debate_1_round_no_macro_causal_out_industry_100_001,logging/runs/default/run_2026-06-11_01-25-39,43f0fb364a3f4134,212.5,2026-06-11T08:29:10.341713+00:00,
config/scenarios/industry_js_100/finance_2022Q1_ibanking3.yaml,dc9ce4ed139c39dd,results/scenario_runs/debate_1_round_no_macro_causal_out_industry_100/finance_2022Q1_ibanking3/debate_1_round_no_macro_causal_out_industry_100_001,logging/runs/default/run_2026-06-11_01-27-00,43f0fb364a3f4134,185.39,2026-06-11T08:30:04.276187+00:00,
config/scenarios/industry_js_100/finance_2022Q2_core5.yaml,663014a495f5b101,results/scenario_runs/debate_1_round_no_macro_causal_out_industry_100/finance_2022Q2_core5/debate_1_round_no_macro_causal_out_industry_100_001,logging/runs/default/run_2026-06-11_01-27-44,43f0fb364a3f4134,206.25,2026-06-11T08:31:09.291159+00:00,
config/scenarios/industry_js_100/finance_2022Q3_banks_markets4.yaml,32b7cb9784071195,results/scenario_runs/debate_1_round_no_macro_causal_out_industry_100/finance_2022Q3_banks_markets4/debate_1_round_no_macro_causal_out_industry_100_001,logging/runs/default/run_2026-06-11_01-29-11,43f0fb364a3f4134,199.52,2026-06-11T08:32:29.859214+00:00,
config/scenarios/industry_js_100/finance_2022Q4_asset_markets4.yaml,f0641a6134d71101,results/scenario_runs/debate_1_round_no_macro_causal_out_industry_100/finance_2022Q4_asset_markets4/debate_1_round_no_macro_causal_out_industry_100_001,logging/runs/default/run_2026-06-11_01-30-05,43f0fb364a3f4134,206.95,2026-06-11T08:33:31.227997+00:00,
config/scenarios/industry_js_100/finance_2023Q1_consumer_asset4.yaml,af6dd68c5b8644ca,results/scenario_runs/debate_1_round_no_macro_causal_out_industry_100/finance_2023Q1_consumer_asset4/debate_1_round_no_macro_causal_out_industry_100_001,logging/runs/default/run_2026-06-11_01-31-10,43f0fb364a3f4134,198.33,2026-06-11T08:34:27.624157+00:00,
config/scenarios/industry_js_100/finance_2023Q2_banks3.yaml,4258fed3a2eb7e42,results/scenario_runs/debate_1_round_no_macro_causal_out_industry_100/finance_2023Q2_banks3/debate_1_round_no_macro_causal_out_industry_100_001,logging/runs/default/run_2026-06-11_01-32-31,43f0fb364a3f4134,235.35,2026-06-11T08:36:25.205315+00:00,
config/scenarios/industry_js_100/finance_2023Q3_markets3.yaml,76c1f47f7175b4d6,results/scenario_runs/debate_1_round_no_macro_causal_out_industry_100/finance_2023Q3_markets3/debate_1_round_no_macro_causal_out_industry_100_001,logging/runs/default/run_2026-06-11_01-33-32,43f0fb364a3f4134,191.2,2026-06-11T08:36:42.430536+00:00,
config/scenarios/industry_js_100/finance_2023Q4_diversified3.yaml,cc7996f2d725364c,results/scenario_runs/debate_1_round_no_macro_causal_out_industry_100/finance_2023Q4_diversified3/debate_1_round_no_macro_causal_out_industry_100_001,logging/runs/default/run_2026-06-11_01-34-29,43f0fb364a3f4134,197.39,2026-06-11T08:37:45.014004+00:00,
config/scenarios/industry_js_100/finance_2024Q1_ibanking3.yaml,531be06fe824cb91,results/scenario_runs/debate_1_round_no_macro_causal_out_industry_100/finance_2024Q1_ibanking3/debate_1_round_no_macro_causal_out_industry_100_001,logging/runs/default/run_2026-06-11_01-36-27,43f0fb364a3f4134,214.53,2026-06-11T08:39:59.733665+00:00,
config/scenarios/industry_js_100/finance_2025Q1_banks_markets4.yaml,28e646ef272d7c5f,results/scenario_runs/debate_1_round_no_macro_causal_out_industry_100/finance_2025Q1_banks_markets4/debate_1_round_no_macro_causal_out_industry_100_001,logging/runs/default/run_2026-06-11_01-36-44,43f0fb364a3f4134,237.07,2026-06-11T08:40:39.503818+00:00,
config/scenarios/industry_js_100/finance_2025Q2_asset_markets4.yaml,b51ce5196623ab29,results/scenario_runs/debate_1_round_no_macro_causal_out_industry_100/finance_2025Q2_asset_markets4/debate_1_round_no_macro_causal_out_industry_100_001,logging/runs/default/run_2026-06-11_01-37-47,43f0fb364a3f4134,239.81,2026-06-11T08:41:44.824087+00:00,
config/scenarios/industry_js_100/finance_2025Q3_consumer_asset4.yaml,7ac3012210b5b3a8,results/scenario_runs/debate_1_round_no_macro_causal_out_industry_100/finance_2025Q3_consumer_asset4/debate_1_round_no_macro_causal_out_industry_100_001,logging/runs/default/run_2026-06-11_01-40-01,43f0fb364a3f4134,214.92,2026-06-11T08:43:34.651432+00:00,
config/scenarios/industry_js_100/finance_2021Q4_banks3.yaml,429767f2028fb483,results/scenario_runs/debate_1_round_no_macro_causal_out_industry_100/finance_2021Q4_banks3/debate_1_round_no_macro_causal_out_industry_100_001,logging/runs/default/run_2026-06-11_01-40-41,43f0fb364a3f4134,206.53,2026-06-11T08:44:06.035486+00:00,
config/scenarios/industry_js_100/finance_2022Q1_markets3.yaml,9a73fb3f4be40af3,results/scenario_runs/debate_1_round_no_macro_causal_out_industry_100/finance_2022Q1_markets3/debate_1_round_no_macro_causal_out_industry_100_001,logging/runs/default/run_2026-06-11_01-41-46,43f0fb364a3f4134,197.33,2026-06-11T08:45:02.152332+00:00,
config/scenarios/industry_js_100/finance_2022Q2_diversified3.yaml,9c7077f23a7ffbca,results/scenario_runs/debate_1_round_no_macro_causal_out_industry_100/finance_2022Q2_diversified3/debate_1_round_no_macro_causal_out_industry_100_001,logging/runs/default/run_2026-06-11_01-43-36,43f0fb364a3f4134,210.12,2026-06-11T08:47:04.767507+00:00,
config/scenarios/industry_js_100/finance_2022Q3_ibanking3.yaml,da233cb1f21316a1,results/scenario_runs/debate_1_round_no_macro_causal_out_industry_100/finance_2022Q3_ibanking3/debate_1_round_no_macro_causal_out_industry_100_001,logging/runs/default/run_2026-06-11_01-44-07,43f0fb364a3f4134,235.51,2026-06-11T08:48:01.544636+00:00,
config/scenarios/industry_js_100/finance_2022Q4_core5.yaml,4c090223a1fe801e,results/scenario_runs/debate_1_round_no_macro_causal_out_industry_100/finance_2022Q4_core5/debate_1_round_no_macro_causal_out_industry_100_001,logging/runs/default/run_2026-06-11_01-45-03,43f0fb364a3f4134,284.5,2026-06-11T08:49:46.649860+00:00,
config/scenarios/industry_js_100/energy_2022Q1_integrated_upstream3.yaml,e9181d616345ea74,results/scenario_runs/debate_1_round_no_macro_causal_out_industry_100/energy_2022Q1_integrated_upstream3/debate_1_round_no_macro_causal_out_industry_100_001,logging/runs/default/run_2026-06-11_01-48-03,43f0fb364a3f4134,186.64,2026-06-11T08:51:08.186234+00:00,
config/scenarios/industry_js_100/energy_2021Q4_core4.yaml,5d8ad1bf40825653,results/scenario_runs/debate_1_round_no_macro_causal_out_industry_100/energy_2021Q4_core4/debate_1_round_no_macro_causal_out_industry_100_001,logging/runs/default/run_2026-06-11_01-47-06,43f0fb364a3f4134,267.24,2026-06-11T08:51:32.007011+00:00,
config/scenarios/industry_js_100/energy_2022Q2_oil_beta3.yaml,571923b0797179d8,results/scenario_runs/debate_1_round_no_macro_causal_out_industry_100/energy_2022Q2_oil_beta3/debate_1_round_no_macro_causal_out_industry_100_001,logging/runs/default/run_2026-06-11_01-49-48,43f0fb364a3f4134,218.1,2026-06-11T08:53:24.747122+00:00,
config/scenarios/industry_js_100/energy_2022Q4_upstream3.yaml,a9bbb1ebb97a2bff,results/scenario_runs/debate_1_round_no_macro_causal_out_industry_100/energy_2022Q4_upstream3/debate_1_round_no_macro_causal_out_industry_100_001,logging/runs/default/run_2026-06-11_01-51-33,43f0fb364a3f4134,202.32,2026-06-11T08:54:54.329129+00:00,
config/scenarios/industry_js_100/energy_2022Q3_majors3.yaml,bfa929ab8651c2d4,results/scenario_runs/debate_1_round_no_macro_causal_out_industry_100/energy_2022Q3_majors3/debate_1_round_no_macro_causal_out_industry_100_001,logging/runs/default/run_2026-06-11_01-51-09,43f0fb364a3f4134,227.13,2026-06-11T08:54:55.320442+00:00,
config/scenarios/industry_js_100/energy_2023Q1_core4.yaml,b9ef67f6e05e4622,results/scenario_runs/debate_1_round_no_macro_causal_out_industry_100/energy_2023Q1_core4/debate_1_round_no_macro_causal_out_industry_100_001,logging/runs/default/run_2026-06-11_01-53-26,43f0fb364a3f4134,199.86,2026-06-11T08:56:44.606297+00:00,
config/scenarios/industry_js_100/energy_2023Q2_integrated_upstream3.yaml,bb539138dc22299a,results/scenario_runs/debate_1_round_no_macro_causal_out_industry_100/energy_2023Q2_integrated_upstream3/debate_1_round_no_macro_causal_out_industry_100_001,logging/runs/default/run_2026-06-11_01-54-56,43f0fb364a3f4134,256.27,2026-06-11T09:15:09.958565+00:00,
config/scenarios/industry_js_100/energy_2023Q3_oil_beta3.yaml,eed73edca3081088,results/scenario_runs/debate_1_round_no_macro_causal_out_industry_100/energy_2023Q3_oil_beta3/debate_1_round_no_macro_causal_out_industry_100_001,logging/runs/default/run_2026-06-11_01-54-56_001,43f0fb364a3f4134,271.82,2026-06-11T09:15:26.494016+00:00,
config/scenarios/industry_js_100/energy_2024Q1_upstream3.yaml,11e802d524bb055e,results/scenario_runs/debate_1_round_no_macro_causal_out_industry_100/energy_2024Q1_upstream3/debate_1_round_no_macro_causal_out_industry_100_001,logging/runs/default/run_2026-06-11_02-15-11,43f0fb364a3f4134,228.6,2026-06-11T09:18:58.554742+00:00,
config/scenarios/industry_js_100/energy_2025Q1_integrated_upstream3.yaml,3d48e37cd1e2ca75,results/scenario_runs/debate_1_round_no_macro_causal_out_industry_100/energy_2025Q1_integrated_upstream3/debate_1_round_no_macro_causal_out_industry_100_001,logging/runs/default/run_2026-06-11_02-15-28,43f0fb364a3f4134,212.96,2026-06-11T09:18:59.452881+00:00,
config/scenarios/industry_js_100/energy_2023Q4_majors3.yaml,889974195da19f28,results/scenario_runs/debate_1_round_no_macro_causal_out_industry_100/energy_2023Q4_majors3/debate_1_round_no_macro_causal_out_industry_100_001,logging/runs/default/run_2026-06-11_01-56-46,43f0fb364a3f4134,520.47,2026-06-11T09:21:24.424209+00:00,
config/scenarios/industry_js_100/energy_2025Q3_majors3.yaml,409437f3752ac9e4,results/scenario_runs/debate_1_round_no_macro_causal_out_industry_100/energy_2025Q3_majors3/debate_1_round_no_macro_causal_out_industry_100_001,logging/runs/default/run_2026-06-11_02-19-00_001,43f0fb364a3f4134,202.97,2026-06-11T09:22:22.415567+00:00,
config/scenarios/industry_js_100/energy_2025Q2_oil_beta3.yaml,bdb0cba9dc886355,results/scenario_runs/debate_1_round_no_macro_causal_out_industry_100/energy_2025Q2_oil_beta3/debate_1_round_no_macro_causal_out_industry_100_001,logging/runs/default/run_2026-06-11_02-19-00,43f0fb364a3f4134,224.05,2026-06-11T09:22:42.599435+00:00,
config/scenarios/industry_js_100/energy_2021Q4_upstream3.yaml,0b977a28de0afef8,results/scenario_runs/debate_1_round_no_macro_causal_out_industry_100/energy_2021Q4_upstream3/debate_1_round_no_macro_causal_out_industry_100_001,logging/runs/default/run_2026-06-11_02-21-26,43f0fb364a3f4134,213.67,2026-06-11T09:24:58.094630+00:00,
config/scenarios/industry_js_100/energy_2022Q2_integrated_upstream3.yaml,db573e03bf92fd6c,results/scenario_runs/debate_1_round_no_macro_causal_out_industry_100/energy_2022Q2_integrated_upstream3/debate_1_round_no_macro_causal_out_industry_100_001,logging/runs/default/run_2026-06-11_02-22-44,43f0fb364a3f4134,211.41,2026-06-11T09:26:14.009031+00:00,
config/scenarios/industry_js_100/energy_2022Q1_core4.yaml,5d9afc406f0bec4f,results/scenario_runs/debate_1_round_no_macro_causal_out_industry_100/energy_2022Q1_core4/debate_1_round_no_macro_causal_out_industry_100_001,logging/runs/default/run_2026-06-11_02-22-24,43f0fb364a3f4134,235.42,2026-06-11T09:26:17.829951+00:00,
config/scenarios/industry_js_100/energy_2022Q3_oil_beta3.yaml,0c657b7649d2b99d,results/scenario_runs/debate_1_round_no_macro_causal_out_industry_100/energy_2022Q3_oil_beta3/debate_1_round_no_macro_causal_out_industry_100_001,logging/runs/default/run_2026-06-11_02-24-59,43f0fb364a3f4134,180.67,2026-06-11T09:27:58.757827+00:00,
config/scenarios/industry_js_100/energy_2022Q4_majors3.yaml,466f17dd116dfccc,results/scenario_runs/debate_1_round_no_macro_causal_out_industry_100/energy_2022Q4_majors3/debate_1_round_no_macro_causal_out_industry_100_001,logging/runs/default/run_2026-06-11_02-26-15,43f0fb364a3f4134,194.02,2026-06-11T09:29:28.026650+00:00,
config/scenarios/industry_js_100/energy_2023Q1_upstream3.yaml,5f52fc55eaea3497,results/scenario_runs/debate_1_round_no_macro_causal_out_industry_100/energy_2023Q1_upstream3/debate_1_round_no_macro_causal_out_industry_100_001,logging/runs/default/run_2026-06-11_02-26-19,43f0fb364a3f4134,215.38,2026-06-11T09:29:53.208062+00:00,
config/scenarios/industry_js_100/energy_2023Q2_core4.yaml,535312dbf0623132,results/scenario_runs/debate_1_round_no_macro_causal_out_industry_100/energy_2023Q2_core4/debate_1_round_no_macro_causal_out_industry_100_001,logging/runs/default/run_2026-06-11_02-28-00,43f0fb364a3f4134,189.1,2026-06-11T09:31:07.856881+00:00,
config/scenarios/industry_js_100/energy_2023Q3_integrated_upstream3.yaml,78f59139bbc3df3c,results/scenario_runs/debate_1_round_no_macro_causal_out_industry_100/energy_2023Q3_integrated_upstream3/debate_1_round_no_macro_causal_out_industry_100_001,logging/runs/default/run_2026-06-11_02-29-29,43f0fb364a3f4134,212.48,2026-06-11T09:33:00.505461+00:00,
config/scenarios/industry_js_100/energy_2023Q4_oil_beta3.yaml,6a0da60b9f0cef18,results/scenario_runs/debate_1_round_no_macro_causal_out_industry_100/energy_2023Q4_oil_beta3/debate_1_round_no_macro_causal_out_industry_100_001,logging/runs/default/run_2026-06-11_02-29-54,43f0fb364a3f4134,197.65,2026-06-11T09:33:10.857522+00:00,
config/scenarios/industry_js_100/energy_2024Q1_majors3.yaml,ccc89c2cf175a05f,results/scenario_runs/debate_1_round_no_macro_causal_out_industry_100/energy_2024Q1_majors3/debate_1_round_no_macro_causal_out_industry_100_001,logging/runs/default/run_2026-06-11_02-31-09,43f0fb364a3f4134,243.43,2026-06-11T09:35:11.285180+00:00,
config/scenarios/industry_js_100/energy_2025Q2_integrated_upstream3.yaml,a7b7611dac43a943,results/scenario_runs/debate_1_round_no_macro_causal_out_industry_100/energy_2025Q2_integrated_upstream3/debate_1_round_no_macro_causal_out_industry_100_001,logging/runs/default/run_2026-06-11_02-33-12,43f0fb364a3f4134,226.5,2026-06-11T09:36:57.352258+00:00,
config/scenarios/industry_js_100/energy_2025Q1_core4.yaml,eee4c64fabad538b,results/scenario_runs/debate_1_round_no_macro_causal_out_industry_100/energy_2025Q1_core4/debate_1_round_no_macro_causal_out_industry_100_001,logging/runs/default/run_2026-06-11_02-33-02,43f0fb364a3f4134,255.74,2026-06-11T09:37:16.238012+00:00,
config/scenarios/industry_js_100/energy_2025Q3_oil_beta3.yaml,79e2177db29eca98,results/scenario_runs/debate_1_round_no_macro_causal_out_industry_100/energy_2025Q3_oil_beta3/debate_1_round_no_macro_causal_out_industry_100_001,logging/runs/default/run_2026-06-11_02-35-13,43f0fb364a3f4134,234.23,2026-06-11T09:39:05.510964+00:00,
config/scenarios/industry_js_100/energy_2021Q4_majors3.yaml,cff5ac0c01151d4d,results/scenario_runs/debate_1_round_no_macro_causal_out_industry_100/energy_2021Q4_majors3/debate_1_round_no_macro_causal_out_industry_100_001,logging/runs/default/run_2026-06-11_02-36-59,43f0fb364a3f4134,200.93,2026-06-11T09:40:18.281578+00:00,
config/scenarios/industry_js_100/energy_2022Q1_upstream3.yaml,83a8038263bfe6ce,results/scenario_runs/debate_1_round_no_macro_causal_out_industry_100/energy_2022Q1_upstream3/debate_1_round_no_macro_causal_out_industry_100_001,logging/runs/default/run_2026-06-11_02-37-17,43f0fb364a3f4134,234.93,2026-06-11T09:41:11.160186+00:00,
config/scenarios/industry_js_100/energy_2022Q2_core4.yaml,16cc26abbe19c2ae,results/scenario_runs/debate_1_round_no_macro_causal_out_industry_100/energy_2022Q2_core4/debate_1_round_no_macro_causal_out_industry_100_001,logging/runs/default/run_2026-06-11_02-39-07,43f0fb364a3f4134,250.29,2026-06-11T09:43:15.796543+00:00,
config/scenarios/industry_js_100/energy_2022Q3_integrated_upstream3.yaml,42f7f16a4933e1f1,results/scenario_runs/debate_1_round_no_macro_causal_out_industry_100/energy_2022Q3_integrated_upstream3/debate_1_round_no_macro_causal_out_industry_100_001,logging/runs/default/run_2026-06-11_02-40-20,43f0fb364a3f4134,240.16,2026-06-11T09:44:18.434574+00:00,
config/scenarios/industry_js_100/energy_2022Q4_oil_beta3.yaml,56b966b9c5287e73,results/scenario_runs/debate_1_round_no_macro_causal_out_industry_100/energy_2022Q4_oil_beta3/debate_1_round_no_macro_causal_out_industry_100_001,logging/runs/default/run_2026-06-11_02-41-12,43f0fb364a3f4134,271.3,2026-06-11T09:45:42.452814+00:00,
config/scenarios/industry_js_100/tech_2021Q4_alt_aapl_amd_avgo.yaml,e726fd39000c98f9,results/scenario_runs/debate_1_round_no_macro_causal_out_industry_100/tech_2021Q4_alt_aapl_amd_avgo/debate_1_round_no_macro_causal_out_industry_100_001,logging/runs/default/run_2026-06-11_02-43-17,43f0fb364a3f4134,262.49,2026-06-11T09:47:38.334220+00:00,
config/scenarios/industry_js_100/tech_2021Q4_alt_aapl_amd_msft.yaml,b2992ca849ce6378,results/scenario_runs/debate_1_round_no_macro_causal_out_industry_100/tech_2021Q4_alt_aapl_amd_msft/debate_1_round_no_macro_causal_out_industry_100_001,logging/runs/default/run_2026-06-11_02-44-20,43f0fb364a3f4134,212.15,2026-06-11T09:47:50.636143+00:00,
config/scenarios/industry_js_100/finance_2021Q4_alt_bac_blk_gs.yaml,782ffc42d05b1ab1,results/scenario_runs/debate_1_round_no_macro_causal_out_industry_100/finance_2021Q4_alt_bac_blk_gs/debate_1_round_no_macro_causal_out_industry_100_001,logging/runs/default/run_2026-06-11_02-45-44,43f0fb364a3f4134,188.95,2026-06-11T09:48:51.450485+00:00,
config/scenarios/industry_js_100/finance_2021Q4_alt_bac_blk_ms.yaml,7be6f9d9cacf5c7a,results/scenario_runs/debate_1_round_no_macro_causal_out_industry_100/finance_2021Q4_alt_bac_blk_ms/debate_1_round_no_macro_causal_out_industry_100_001,logging/runs/default/run_2026-06-11_02-47-40,43f0fb364a3f4134,216.79,2026-06-11T09:51:15.123087+00:00,
config/scenarios/industry_js_100/energy_2021Q4_alt_cop_cvx_xom.yaml,619653632624c19f,results/scenario_runs/debate_1_round_no_macro_causal_out_industry_100/energy_2021Q4_alt_cop_cvx_xom/debate_1_round_no_macro_causal_out_industry_100_001,logging/runs/default/run_2026-06-11_02-47-52,43f0fb364a3f4134,218.7,2026-06-11T09:51:29.336098+00:00,
config/scenarios/industry_js_100/energy_2021Q4_alt_cop_oxy_xom.yaml,de50a469234c091c,results/scenario_runs/debate_1_round_no_macro_causal_out_industry_100/energy_2021Q4_alt_cop_oxy_xom/debate_1_round_no_macro_causal_out_industry_100_001,logging/runs/default/run_2026-06-11_02-48-53,43f0fb364a3f4134,221.8,2026-06-11T09:52:33.252586+00:00,
